0.24516840601265028,0.01704241726149819,0.45920568344267615,0.4898447971139024,0.22155688622754494,0.21627069226655132,0.4180333297592545,0.011914112694575818,0.41407377925498706,0.5915415998834329,0.0042120696571299465,0.01971092947036618,0.3149095009558014,0.6640432857845548,0.19277123512783176,0.06290007047513846,-0.007544710920603603,0.0023433450992377813,0.7810430095223566,0.021369221823400453,0.3978427717419952,0.35128342713195165,0.7477523760595942,0.06666795214312965,0.272279925831275,0.5732727115053458,0.24478788174205124,0.41983154670750383,0.029892338854445977,0.024307499977170077,0.6919096237673625,0.3997093023255815,0.3657334173923073,0.07842995935004748,0.02550741312637511,0.002869951175258678,0.40960996589055315,0.031073875204596146,0.03101925494426716,0.5269408450560028,0.40922190201729114,0.2260963016704994,0.08685198972439118,0.02925528387138282,0.0029180117858764176,0.5026043009643648,0.00028997834913863096,6.847148399236058e-05,0.6736065158765551,0.32924961715160794,0.2502163984953927,0.013459262047327225,0.00925153812402385,-6.783133135235264e-06
0.29212656979804646,0.5477327791832939,0.5934475559698694,0.401238543109397,0.2667664670658683,0.02689179177417014,0.5953605325705078,0.6120464531022477,0.45572852588220975,0.2888921268638593,0.5732160537247308,0.6388522345285389,0.5660992805789024,0.2764387604525333,0.08433521719957976,0.17684276170933366,0.5453009656254646,0.49938013596365394,0.4701679443660449,0.6033031216509451,0.5813111940979688,0.20004862846916738,0.5473927562291292,0.02285375719884314,0.2446666848459284,0.21973411556326522,0.2486856833012408,0.10708269525267988,0.48997366332542147,0.5598498428713149,0.3646936670398526,0.122093023255814,0.0800364695759356,0.6973776492661987,0.2528109519579803,0.4062965976484542,0.46711404419397895,0.7009801680010965,0.7032833981642028,0.3417693084913209,0.42507204610951016,0.02660231286589411,0.7190077905634118,0.08679769672480114,0.5113043253374479,0.4464442267031096,0.5044058709459781,0.5049218031864605,0.5786408879553855,0.24502297090352218,0.08539460130900774,0.128729173383078,0.21802378463972652,0.26694428835444867
0.11996891737201393,0.43559751238295874,0.7444658994898734,0.4502516585712464,0.13053892215568863,0.04970590798908386,0.49543572117537454,0.3661797978699862,0.6905682146312884,0.2690028656078488,0.5656594691541041,0.6398701002267609,0.5629610404712042,0.3359567142154452,0.08011215737776467,0.14692114374737342,0.6546568738991512,0.5104106340026968,0.5668599107517449,0.5871563309614595,0.5768906549989025,0.22967287278998966,0.6157205240174672,0.01466167461602206,0.2917024622471035,0.18529188766551752,0.25445552378344766,0.11841500765696783,0.41191789973150855,0.48833009272244604,0.3345616141048472,0.15406976744186052,0.09960663945954762,0.8293797793069635,0.07695090342704466,0.3290311187548051,0.4136511938306392,0.8173314612099294,0.8169590240523764,0.33102152764500714,0.4164265129682998,0.01586894046811426,0.753080286859094,0.31647297141125014,0.6765458018545814,0.4140580681759578,0.5937602687629966,0.5956188692007655,0.4951028417013564,0.17304747320061253,0.0660100190261219,0.17483019095877053,0.42797417468210625,0.3680219334722848
0.19861130839481617,0.5500334270932543,0.7054553345693874,0.4164879594728481,0.24940119760479046,0.029440782398489795,0.5064870143748315,0.3148813905509005,0.5970292541474291,0.8845378600223419,0.5127445538924049,0.5495767355616494,0.4870520458075477,0.8858829316281358,0.19299622668517205,0.18902840377090688,0.44355370088483526,0.35533440136587385,0.5578270211170017,0.8142520779499068,0.7988684127173751,0.213487563626645,0.6041613151810943,0.014238510300096046,0.13107258257466164,0.5219474998617695,0.4623807219566767,0.4230091883614089,0.5110085089957144,0.49929524872647374,0.2695368068540781,0.4404069767441861,0.08276148395778765,0.397616213175746,0.18240214820707282,0.26508318961109123,0.33456918285629544,0.8523090932989474,0.8538916337949733,0.3641244690048684,0.2247838616714698,0.014807319667592522,0.7592104909487272,0.46467711879591833,0.7400985996611952,0.47047599401784324,0.7410181707369194,0.740625585061166,0.5379344864746634,0.18836140888208266,0.040947976759818074,0.08569640772230225,0.7093580558258801,0.5568043355451896
0.42140356447556426,0.6983441789623093,0.5725476330414385,0.496346040712411,0.23353293413173654,0.02940902426820462,0.6255212917496678,0.776374242075156,0.3634647174899248,0.7836830346301422,0.39982156020019727,0.4141070494317246,0.6164541482016366,0.8657156910969012,0.24151884342744728,0.23906907785240072,0.2573521038764054,0.19683375344884144,0.36174148518250115,0.5955618757329486,0.5986909017498858,0.2520206254446721,0.4520935011559209,0.021698537862064157,0.2001692422671323,0.24417172918936156,0.28339216830592273,0.44483154670750386,0.579861590266004,0.5674226273502161,0.35491946072784725,0.4200581395348838,0.048532962325539476,0.23181940333745882,0.34417447328905093,0.3336194848427579,0.4376761085570221,0.6859971182246186,0.6863870208813829,0.37583470369539984,0.40922190201729114,0.038304640732841524,0.7680416136526609,0.1730324310441648,0.4856168089899946,0.5074003403640863,0.6130116897777679,0.6124705104092824,0.5487228771120836,0.2603369065849923,0.08957733584300562,0.5317386691136996,0.19471327093663357,0.38541496289639243
0.28172391607690445,0.47215183469151667,0.5588811415388466,0.5062771715107993,0.2068862275449102,0.07192840439560197,0.6198252813101938,0.4508939828952572,0.44254934791850986,0.8646607411724707,0.37589444426345026,0.41712867805189335,0.6389153654533445,0.8086571569109691,0.19131486797136604,0.16782997341753023,0.40685589034994485,0.22030515483123528,0.36424603023252855,0.643950367048884,0.6443213306107234,0.19359941772263886,0.5044952478808118,0.01828605603503967,0.3293581531942147,0.305131301183251,0.3216042300834198,0.4253062787136294,0.5656890077873908,0.5533374418593242,0.29169285686213753,0.47529069767441867,0.0535551579891016,0.1606513010039381,0.4310432698275306,0.3186806613467429,0.4932893370903159,0.7070415864858721,0.7118901324865383,0.3004188427579121,0.4582132564841499,0.047479431949006924,0.7729813837947548,0.12120816841599569,0.5269219529059215,0.44190603888401825,0.5848294905186947,0.5853588767781528,0.5811505304882756,0.22970903522205205,0.10366327524238403,0.5955231543549343,0.352296420930317,0.3544209717154937
0.3195411134599477,0.48723464287332985,0.5227174372326414,0.49472453181803444,0.2041916167664671,0.05708128313752465,0.707177512566315,0.41463764663418284,0.39607325788246905,0.8223201709650785,0.5505030597557989,0.5685301378292411,0.5967320613493305,0.7506148548942451,0.10975802888829951,0.2964547157868272,0.32868529454349227,0.35724423898045227,0.42556924367824855,0.6652881317200715,0.6482480213973398,0.1870614729113233,0.5517595684562034,0.016327787345995624,0.35979941772573654,0.3408764559182097,0.3100021407493242,0.40788667687595714,0.6939182719170381,0.6804775717208181,0.2923464068898813,0.4404069767441861,0.0341794150360367,0.1831428671367607,0.33873843951455923,0.4667844368673688,0.4347842206732908,0.7384888344307297,0.7387156773440313,0.3086747787469111,0.4740634005763689,0.03578627594456456,0.818962890467306,0.2501958158557855,0.5585964934523369,0.31292867825279763,0.6276950052937178,0.6382819013540206,0.5585182320618014,0.24349157733537516,0.09248345023851749,0.6472748922749968,0.48733100708878946,0.4312692739874504
0.29018808332149626,0.7214873548069726,0.7194249683699012,0.5132594665394906,0.19910179640718567,0.027744763033704815,0.4491190163998379,0.26370746579917076,0.5375378451043689,0.808672106464617,0.42602316544051627,0.4456078400134043,0.48001194863892876,0.8032464338416134,0.06928080915834792,0.0753575259787942,0.39235147810089754,0.22951514417186605,0.36266956532794276,0.6011414405592012,0.6036731724502261,0.16380503919327866,0.48291805805291554,0.020098078139787916,0.007710650159708066,0.37955753394506153,0.2870974752964767,0.333728943338438,0.6666343297484212,0.6591933330171755,0.30437120144479424,0.308139534883721,0.03575100318400265,0.08330223252860072,0.237635475882914,0.44709985842576916,0.3274506896040338,0.7656330256201245,0.7679273986425927,0.3400204017891795,0.3818443804034583,0.02815887404828477,0.2674458769391175,0.37819634198836843,0.6046645651892107,0.372079830849363,0.6275033300606998,0.6321108217325024,0.5957635342158512,0.09647779479326185,0.08530536002630112,0.07722500377463742,0.5640624672189383,0.4159997442536624
0.26066794227989404,0.4999849416352838,0.6007929553352157,0.5017475359512702,0.1907185628742515,0.0754444752693444,0.6171419150577373,0.3905426864108974,0.48262237982637846,0.9404293554810821,0.4302621865619134,0.4957530873547878,0.506375400089406,0.8219380226266602,0.13163292661369835,0.21770322198241454,0.5467424741848355,0.31995095248007566,0.3950443062918748,0.587989315375228,0.5794324697376774,0.2035202791350991,0.5630619059851015,0.012367933717827611,0.5822455187179323,0.2852406492658124,0.25784081841987894,0.3299770290964778,0.4732945831538456,0.470828033751361,0.4100506766515019,0.367732558139535,0.10151054860471614,0.1473644236832386,0.4273827091254899,0.24542726725342867,0.5098620791932374,0.667675090167144,0.6749592168558293,0.29610576875408107,0.4293948126801153,0.06436531456706338,0.7103188274339849,0.14299496848110044,0.47944849859752997,0.4304574287040379,0.6089237601428874,0.6098835849797195,0.5173606355425217,0.26186830015313933,0.12428667834135929,0.6847210157592394,0.3779144946102835,0.3840784547721245
0.3380653570742223,0.568874367550025,0.5559630685320278,0.4741229770185014,0.19970059880239524,0.027315178163138817,0.6687851581102484,0.6114052667744978,0.4029214218506911,0.8646728835786099,0.4453386488554256,0.4805538174449137,0.6168623183831107,0.7879980324643384,0.119693765383551,0.1703605745827735,0.4068783080717132,0.2774252815494653,0.33632098859605625,0.5099745955700391,0.5300657543451085,0.1817095913119104,0.48574364243514,0.015701833930918754,0.3536295512726617,0.23350595387429174,0.2389580482831828,0.43460949464012255,0.6245032728905056,0.6114669454869477,0.303268956234515,0.4418604651162792,0.05230099609918358,0.4152293151918205,0.4382192183474899,0.38268687070871055,0.42573780216520835,0.6509123644562468,0.6508154653471205,0.3653666565096484,0.4394812680115274,0.044346608390337064,0.7729775276579909,0.08693129749193693,0.4383985885538843,0.31653860038162024,0.6819815034198009,0.6913140038220376,0.5432870890362316,0.23277182235834606,0.08043036372361462,0.7490136927306956,0.4143042273612795,0.5003389475428294
0.2737777926320803,0.4706715715745823,0.5676956092017255,0.4935865680155526,0.2041916167664671,0.05959298274430322,0.658897013326667,0.34041347839552605,0.4534013947324039,0.8335883238622566,0.40952156893799413,0.4372692003457303,0.6029315455717585,0.7702902115100837,0.16743280044653508,0.3165369820693514,0.3494889403445786,0.22837080190295944,0.45236279034288107,0.6508585396965203,0.6301143373447671,0.2097131561249359,0.5353198047778064,0.023829165158687344,0.5629340978459816,0.3227418140768561,0.2906935669119517,0.37633996937212866,0.5441766585743422,0.5343950240059978,0.2863692902377091,0.42296511627906985,0.05532367452942238,0.5383949251754537,0.1719286950287235,0.3018018200718551,0.6842651638736468,0.577261977157578,0.6336981936801831,0.36086906335803576,0.49855907780979836,0.049728650456152726,0.34053449844972006,0.37226813963602823,0.4841696247116257,0.3493888917539064,0.5652845600730484,0.5726896894221171,0.4314815321932521,0.31852986217457885,0.08954180577650554,0.7197877160764673,0.1577357020068741,0.34769843369831954
0.28347858055998865,0.4891166364034162,0.566821697236803,0.5425247389420084,0.20538922155688627,0.09969804949241506,0.6279609128656081,0.37903038206597334,0.4460305682836274,0.7754869104861819,0.2860236017441904,0.303800723124529,0.5797893144687807,0.8125922282341368,0.14299121530929965,0.14455640994697064,0.24222014168272732,0.11475131554082843,0.387619665128342,0.6064589040489461,0.5997943248563156,0.17614551544058998,0.5509889545337786,0.029328152183233456,0.4997033329211724,0.26724698594351093,0.2763354301261341,0.40585758039816233,0.6072185399009751,0.5948542648847343,0.33127921051193615,0.430232558139535,0.04929779549629315,0.28951769441244113,0.40925276117386755,0.3642573875117727,0.55312917099214,0.742597362627235,0.7557049160433686,0.3274623076282756,0.4293948126801153,0.04202970207488362,0.6814224492367551,0.19987460086583697,0.6022362948510497,0.3782682687844876,0.5205044752893222,0.5255516681955544,0.44875938670331866,0.28483920367534454,0.10660229529925462,0.6926636989041547,0.21491548030212063,0.2929149708252957
0.25639825870438915,0.39278690607659295,0.5476333989512058,0.37600388550322833,0.21646706586826348,0.08792182636653946,0.829247175790081,0.20112569420792148,0.4543659872984104,1.0,0.4685262384567891,0.5549320273955011,0.5320289160305133,1.0,0.12006066884431692,0.1364484309635918,0.6567238171806646,0.40928126360287476,0.48854520258845363,0.6366515923137093,0.6143645205502426,0.23930151051262352,0.519650655021834,0.020978733314220954,0.24798977571039663,0.2847047418230331,0.2757733073878229,0.4659647779479326,0.5442210747064714,0.5329079222933841,0.2860187498832877,0.49563953488372103,0.07854309950497802,0.13819789623379986,0.26710040712185285,0.2984658781265893,0.5053017944535073,0.698439858846718,0.7048121585885033,0.29948842213081306,0.4855907780979828,0.05532861736266347,0.7388268561491173,0.22089894875465876,0.5190595847041769,0.4530967974833685,0.6860574208423633,0.6860697294896605,0.4865481961270369,0.27718223583460944,0.06339768731848225,0.7100942005643083,0.10135787007175637,0.4807191030768919
0.41407575137239827,0.6981156552464381,0.5790952593630014,0.46960071674392934,0.23383233532934133,0.025782655884933062,0.5683198805697854,0.7067261971063283,0.37132891914570854,0.37626888144154647,0.5393286770155091,0.5774489899857194,0.4784945494947989,0.5307427447122479,0.08634279369650899,0.23229113455949157,0.5963439844292757,0.3890488594002404,0.6240703306762272,0.598537655175353,0.609397879334271,0.14394723443444754,0.7053686103262266,0.027545260504112268,0.3216865549473344,0.3289431771270529,0.298785652858327,0.29640122511485456,0.45587078855282726,0.4607989865759568,0.2710667610253343,0.42732558139534893,0.023041818523832205,0.17514576263836712,0.4258460324886043,0.24262338551661192,0.3637846655791191,0.7248468440182747,0.7250135654466081,0.3441424031358753,0.3818443804034583,0.029299004502888002,0.8165475126317325,0.1402005709656863,0.5388232893018959,0.6182249497189417,0.3002098062574564,0.3092160739975447,0.4645792941910357,0.37519142419601836,0.05590304478016503,0.128765322805585,0.193221170608667,0.1110812024943249
0.24732413666329658,0.46485913074807345,0.5969282699592433,0.4869632222021765,0.19790419161676648,0.05845812302774023,0.8292199867076906,0.38401532028914404,0.4901817736307036,0.8015080868424886,0.25597366288475404,0.28543286670329093,0.6005290213345412,0.751598622725037,0.08826634892726853,0.13629646267652937,0.29026131943243416,0.1091349317623938,0.4059524263574761,0.570545976009876,0.5591606423733994,0.18586045004134297,0.525815566401233,0.020049671867188368,0.46978791413404564,0.28755282969074636,0.23925479055140897,0.361791730474732,0.407201367160216,0.40142472057362016,0.3417754242808804,0.40697674418604657,0.054548866518538325,0.24010782703333866,0.10514567689537352,0.18216100691903703,0.5387809580305503,0.689678708764783,0.701171871750971,0.30041892139117726,0.41498559077809805,0.057439367667077,0.7076290581548494,0.18101220349403488,0.5209239040809768,0.5173018410602856,0.5623616362528293,0.5619405987529252,0.44968042124376834,0.333843797856049,0.14092009745191858,0.660602744518352,0.09108533347769679,0.326690229566319
0.22129661349754767,0.07132330336595416,0.49719032801675334,0.4432711005056662,0.19850299401197607,0.09961480021959737,0.5134545862428147,0.03309092614482906,0.45266035038874225,0.7273422701442518,0.061191660083869004,0.08785895352334228,0.6388056149032268,0.7761928184948352,0.25558658706578674,0.12000097671505663,0.15333387487097389,0.01689046557742241,0.623746138296655,0.08621199753347664,0.19064123640262753,0.2258017034105629,0.6057025430259441,0.029144469666947975,0.08637860057395441,0.2667153953839865,0.059989710806604535,0.39379785604900464,0.1410892748071686,0.13685254865392782,0.372789864554365,0.3764534883720931,0.12306098714395071,0.13661755616964072,0.05932133089184194,0.03058650636457494,0.3678258935192051,0.14980216937078916,0.15123560740052028,0.1870159638183082,0.4279538904899136,0.08070811163951816,0.20215768642951212,0.07114460938724962,0.03174599390356564,0.4970862771388788,0.06919907573534573,0.06874076722484868,0.37358958035847145,0.3261868300153139,0.20860545861045354,0.14392754213024306,0.03434352395691748,0.007597056832949256
0.2046022342727751,0.6013289040194288,0.7297918367550663,0.4701670521890628,0.18443113772455091,0.03059731405373156,0.5079979390330779,0.2931308316644477,0.6085884476128438,0.9015857982417796,0.40560399221819193,0.45803749718630626,0.5744356207824601,0.8175110673880964,0.07751144731752237,0.11600720558872604,0.4750281822476856,0.2687402562542561,0.45821096660182814,0.5993539259511408,0.5781783016273128,0.21241464248841813,0.5502183406113538,0.020506173347092697,0.04434567751488183,0.34253498284262834,0.2467610017599893,0.308843797856049,0.5358943228553458,0.5353866437020252,0.2746518631760954,0.4215116279069768,0.059302272070125034,0.14201613878931302,0.3253162921935919,0.31152991968323535,0.34254041227940085,0.764669421330939,0.7658976889667012,0.3468039863617003,0.3976945244956773,0.03168340728890767,0.26882855767121744,0.39784234790854967,0.6000282506040806,0.24588726728894839,0.654637786778209,0.6738497144559784,0.5207814331046486,0.24196018376722814,0.07764268280054447,0.19027874930041203,0.6000511628306521,0.48933980745416583
0.32418679656754207,0.5759761523190614,0.5762878181842721,0.5054957553393989,0.20209580838323357,0.03560329484128264,0.6554505640427121,0.5588105036709847,0.4238662634528706,0.787908591966584,0.3523953898935187,0.36995107761823476,0.56233638184534,0.795868175110674,0.1334312314783052,0.26921030439859733,0.26515347105181275,0.16260510351112062,0.40280585326162954,0.5499879071656847,0.5399199289901134,0.21122438669751464,0.5039815052658618,0.016457015623111634,0.2815278530926217,0.2976207465082257,0.22522223557107185,0.35237366003062787,0.6294747791304537,0.6205945520616467,0.32142582773085965,0.4142441860465117,0.03946517432280953,0.18785724375594634,0.13714801675712013,0.3980920479936253,0.5288818033516239,0.698682220403778,0.7084242872266305,0.3128004496052276,0.48847262247838624,0.050109449134941544,0.7438205929083836,0.1679986115088381,0.5286917223341379,0.5228714352018977,0.6240988948775616,0.6237342798572577,0.45709278090260713,0.3261868300153139,0.08856094017176562,0.6738968183741687,0.3783353084851352,0.3993866880092991
0.36814531964138,0.5904310612990782,0.5390659762350494,0.4815284343416203,0.23113772455089823,0.035600122223629724,0.678108876064466,0.5489962772181542,0.3745235702176333,0.7207368012045267,0.29364717427688986,0.29725314491842303,0.4820531600504519,0.7668470241023119,0.18850751078792832,0.24775589572259482,0.14113863422895778,0.10214694502301302,0.4424336041293209,0.656023602497732,0.6364096044742058,0.2463472914792692,0.49987156434626256,0.023919220415412855,0.3326534730323488,0.3483416931623361,0.29716039827638435,0.3563169984686064,0.4871128974964246,0.4804014789474597,0.26021347178100585,0.38662790697674426,0.05872219492423515,0.1992102846602476,0.31018455753875096,0.25063553067668076,0.5325152009491324,0.7630831812322378,0.7725686577867997,0.31777498494249345,0.44812680115273784,0.03484384720743221,0.7528222432962229,0.31037063815249866,0.6224395466931039,0.5292145840854003,0.5814051210797686,0.5811922333473969,0.4509935925632853,0.3552833078101072,0.08772364568492948,0.6622731997107816,0.11581857170317447,0.34876182160260527
0.4455761566163384,0.5839385930634958,0.45499839199764797,0.43462935311242545,0.3410179640718563,0.032666917537438944,0.7123159192857047,0.14990772121975116,0.28543830096635003,0.7913570353101171,0.3566303253571355,0.37493594640772365,0.5605880988242964,0.795868175110674,0.27484161202481333,0.06946423570973309,0.27152010403404175,0.16705064695141064,0.5144869496675438,0.7088491556894729,0.6878840943096607,0.2556672397223029,0.5276136655535577,0.014105483560308038,0.21333235046636273,0.2782623069576504,0.34303558398445144,0.3199081163859112,0.4501034844334207,0.4501933045610924,0.3589730733439349,0.23837209302325585,0.08795789706916392,0.17411946124200006,0.3312845366485779,0.22865782911663662,0.5098250037075486,0.7417920701023821,0.7483664501075222,0.3032769685911658,0.5345821325648416,0.044786810365855266,0.8185194726512591,0.14294622843621205,0.5818141214985444,0.4403073590841111,0.5996703723137355,0.6002327855512067,0.4762399646054919,0.228177641653905,0.06535812320189795,0.6911873696106123,0.05562712011508189,0.3720357098283512
0.228891804045755,0.43815088489461057,0.6056454637850133,0.5291409102414731,0.1973053892215569,0.09181234527295543,0.7847942755454076,0.29255938685071503,0.5094287548162636,0.7699256884744281,0.3440660820795063,0.35717825358822997,0.5899414932614464,0.7294638465322184,0.06831860854352151,0.15223815078053285,0.23195282511279464,0.1496655489843368,0.47889571176119095,0.6265860148463256,0.6043065805028921,0.17365772679583877,0.5679424608271256,0.020464559818687014,0.261944210448182,0.3663919421803948,0.26730583114459555,0.46577335375191425,0.516930730676446,0.5059492128577785,0.32044916802440815,0.43459302325581406,0.0569406014285828,0.15760094668214325,0.44215249924459804,0.27132618684780485,0.5490508675663651,0.7411168291333796,0.7535437768374709,0.2931513420657319,0.45533141210374645,0.04443283565867061,0.7279869003575266,0.19451319592811545,0.5980466200196369,0.4098808725697488,0.5951558613359654,0.5972563107329785,0.4593237882620546,0.26186830015313933,0.10116663798476846,0.7151919518819871,0.1147930235871629,0.37030093986604795
0.38323543419590406,0.4759090253828038,0.44145959870476453,0.4879876379588235,0.22485029940119763,0.04463960103852296,0.6618945043808067,0.4532104618347115,0.3126521817831306,0.7563261935985235,0.17397411004201752,0.19467132183265606,0.5202402596720103,0.810132808657157,0.08042135454096115,0.09243008667815439,0.20684497673217322,0.05463176067949116,0.49061113441905996,0.6869094089244739,0.6646425621072433,0.2545337943058231,0.5232468533264835,0.021565267942021616,0.21633811146312054,0.36494538655077946,0.3201666027652836,0.42274119448698316,0.3597958575343545,0.34978498602415664,0.2645449760030626,0.4244186046511629,0.043135086311666404,0.09100961098164798,0.33422112627419376,0.13984871694087225,0.5492362449948095,0.7150617431523494,0.7279511804375696,0.30679544296114863,0.41066282420749284,0.042334984768946475,0.7519724592443782,0.19475689615255734,0.5611030478221634,0.44273116394203493,0.5927103983211212,0.5931923350748162,0.5163387062487921,0.24349157733537516,0.10279192759404077,0.683436623761293,0.30731473110608454,0.36352423698421743
0.2003492617875853,0.5776449385858745,0.7200374069398641,0.5181207624451177,0.18143712574850301,0.06988378197617849,0.5199580394490843,0.33182692988795237,0.6053851176248566,0.8641871873330419,0.3726313487008331,0.41401563429578125,0.5781218448457558,0.8726020659124447,0.1102440865076712,0.09975471093054075,0.40598159920097676,0.21747861785870598,0.4274190472558068,0.5904832543775067,0.5737411360315278,0.19619255291282825,0.503210891343437,0.017951277931908195,0.04575259277330759,0.35743632868247427,0.24671711222494858,0.3960183767228178,0.5443311028328413,0.533179383008902,0.29517050912567866,0.42296511627906985,0.07532384755432668,0.041422431906965484,0.3018467603032743,0.29856310444578354,0.45232092540412283,0.8248294644964073,0.8258467044280442,0.31346588293015915,0.5028818443804035,0.025710227246537796,0.2096332457755303,0.40746649682547303,0.6929171831014903,0.3024083337630859,0.6313639398043882,0.6431769689024491,0.4841494712858961,0.2480857580398162,0.08391356839955219,0.11935432178774613,0.3522567401949769,0.43912033889840113
0.16890734535974802,0.3947179045152802,0.6620238920312884,0.3840666861481694,0.2008982035928144,0.07543938450508964,0.8439186133362613,0.2764115180631974,0.5930367135924186,0.8639200543979795,0.3633324221401097,0.4055773917919931,0.6504679579580215,0.7914412198721102,0.17965829968995928,0.11274945493570612,0.40548840932207164,0.2104335958346231,0.32208195074818513,0.4755158853236586,0.5070242613614379,0.1275857078562565,0.4664782943745184,0.028273656868383606,0.2587279711547501,0.23599910946576952,0.22835590410234702,0.42699081163859115,0.37654667117147095,0.36627842257142507,0.34282117884777064,0.3997093023255815,0.07916477876318263,0.030519040805555675,0.2516645120873382,0.15160928762413967,0.4516164911760344,0.7194806173578692,0.7206078768208598,0.34119533094399934,0.4121037463976946,0.04847958098335011,0.7445498258634708,0.0918151933901899,0.533921901365795,0.4375741323294311,0.6624085456005214,0.6629546603176519,0.4915954580622982,0.32924961715160794,0.08454088449810893,0.6876786557124941,0.14898584858523053,0.4505997744775959
0.15532122893358177,0.4998628004465063,0.7307610102780244,0.47654757622180743,0.17395209580838325,0.04718475225072401,0.7910268129049132,0.15525610917774965,0.6500854930228165,0.43625236776919707,0.4908883905078101,0.5142829233491575,0.5632882565398397,0.5961633054599115,0.13295448801572488,0.6789792144321808,0.35527180461135943,0.3016598760089571,0.7668103283878104,0.3054601564430237,0.4852355515912717,0.3351724324194536,0.7354225533007963,0.057811806039770874,0.15549669795805682,0.5455345086039223,0.2879292897383288,0.21569678407350687,0.3556507498156402,0.39436405399645924,0.3439308600612869,0.2776162790697675,0.08823513758687347,0.19390958996617452,0.2240579243747097,0.20872225672370712,0.6416654308171437,0.5466187059437453,0.5898529890195882,0.3780726206698989,0.5317002881844382,0.043388657240811306,0.6272822255852751,0.3162658280592825,0.4124355989582832,0.39270795729977814,0.6470917017113995,0.6500308275847021,0.5371569664742208,0.23889739663093412,0.06443744199231602,0.6266726436115446,0.4917165040022108,0.4367868888214071
0.24100734452419342,0.5173660655379865,0.6348577003471032,0.48051133276919344,0.20329341317365274,0.043848603240285194,0.8800531723845144,0.3834355437118752,0.5182362210119849,0.8623293991937442,0.333145258164469,0.37816083965844594,0.7390897249344681,0.7860304968027546,0.24893990462562063,0.06327100922757195,0.4025516877704097,0.1883978445222145,0.39752978120192733,0.5705390131296925,0.5616148212887662,0.22521175463694,0.503210891343437,0.03334992223520693,0.18610230686825768,0.3074786702412359,0.24306831279511956,0.3981240428790199,0.4728250708611648,0.46247221298872515,0.38872282067430175,0.4156976744186047,0.07554407840084248,0.08455904290840408,0.17268723950398407,0.23073973350191512,0.48769093875129765,0.6927253200795502,0.6970430313294048,0.33987338300444336,0.37608069164265134,0.043766235661974205,0.7573998325745869,0.11384842163785067,0.5055187623975365,0.44840389871589903,0.6644790029134792,0.6646520260680333,0.5024623323450095,0.2802450229709035,0.08500590326051914,0.6999966267264431,0.1165265656499016,0.45226628181106465
0.25746776848455477,0.5075542686615258,0.6091631807313054,0.4717661166711956,0.19191616766467068,0.04380739603205409,0.8713859117519556,0.41841497405469846,0.4900731196967544,0.7825780756714751,0.3670492267079395,0.3824353240134452,0.5739461321652375,0.8071815051647812,0.2832365222239641,0.36805366800766504,0.25531209119547993,0.1709847839239636,0.3432815896868682,0.4544289572245096,0.4749693379504264,0.19597073300657547,0.4646801952221937,0.022299978108033858,0.1672160225648466,0.22752535669264282,0.1974105642124958,0.44831546707503833,0.5217374992313708,0.5100277508119815,0.28319320462242287,0.4680232558139536,0.06410384903190836,0.22279250072517237,0.3099841877058799,0.2746429380906281,0.47037668693459883,0.7405301748459469,0.7429723012812054,0.3126345471235326,0.4740634005763689,0.03987415114876597,0.7771599191168095,0.20952763877706532,0.5679142776531844,0.37331751843638794,0.6368498186863468,0.6412826360907645,0.4848534117984857,0.20673813169984684,0.06770204420128088,0.7029813691136506,0.1613098215652085,0.42740069240410733
0.2632832279142052,0.5889450751611147,0.6537513318703971,0.4465730303723668,0.2131736526946108,0.032772422925529544,0.4652970835179964,0.36250499064870473,0.5136246740136641,0.8513526640439069,0.4714540209917629,0.5007224787209786,0.4794523154438825,0.8273487456960158,0.19190839137294302,0.18206773929786804,0.3822860672917653,0.2928377509458246,0.4900835272130897,0.694438699139776,0.672158914360219,0.23928958423380994,0.5473927562291292,0.015170344229002427,0.07799610362141604,0.45616341752339107,0.3272127601301046,0.3203292496171516,0.6533198591094672,0.6479182969643349,0.32058383059269213,0.3154069767441861,0.04919976763345363,0.03097145640958121,0.41874736774551563,0.43548839439132586,0.30561322853329376,0.8293303235453849,0.8332960848800395,0.35907585164252587,0.3487031700288185,0.019241037904149695,0.35711091903288394,0.1777729801492458,0.7102368659266756,0.4122015367954205,0.7065696699301285,0.7081225281073205,0.5454123028984742,0.228177641653905,0.056214168456640304,0.08297388033198211,0.6187413395547544,0.5133248965156147
0.20650729856869507,0.5226817909388133,0.6798654332365703,0.44521479706299194,0.2254491017964072,0.052984773718910916,0.9035978260787624,0.34612309214654224,0.5737839974226517,0.817268930011171,0.3539821771343106,0.3803791000833099,0.6926853708331338,0.8219380226266602,0.28025819184183365,0.1386989076785329,0.31935952228783293,0.17728406509250025,0.2851240194769695,0.46017623569820737,0.5193119916728322,0.17195886383702047,0.39917801181608015,0.02173754685923144,0.13092641949832404,0.22832631105958803,0.25562407887320304,0.40865237366003065,0.4476827293888832,0.437108413556521,0.37602180453755135,0.4040697674418605,0.08724467860134738,0.27846799218385637,0.06582169334598822,0.2081395755474651,0.5301794453507341,0.7503902227622778,0.7596799219173697,0.3103111550880104,0.4769452449567724,0.041566185169762224,0.7493189464154071,0.16970451307993129,0.6026831091613449,0.33953896137383316,0.6010863379602087,0.6090575555972224,0.45792670241196065,0.332312404287902,0.08609200588901246,0.6878909586939674,0.23879572891001907,0.39150093196851177
0.23379650905323313,0.6735414137782463,0.7446706506079631,0.4778457320368508,0.2041916167664671,0.03388345774478136,0.4902210975408242,0.17154997803957775,0.595993952474008,0.9197751226383021,0.3927084335330069,0.45432934805785197,0.6649131918458557,0.8888342351205116,0.18322791867368,0.16580087801133048,0.5086099294567668,0.2722797951393717,0.30596768246945594,0.5676568189935756,0.6004939328454494,0.23010602430793103,0.4097097354225533,0.0217363031685096,0.11653751680488503,0.36381375074478606,0.30794428481902625,0.2698698315467075,0.5213637511640007,0.5297894155839666,0.3344523933480398,0.3590116279069768,0.06423104221597037,0.09482559680784824,0.11646253071310675,0.31434397491247246,0.36133768352365414,0.8195884640452283,0.8198186449447955,0.3404658098843132,0.3659942363112393,0.02748456122036728,0.273331262065566,0.29974440201884084,0.6819847918959445,0.3043164354597493,0.5712018246158618,0.583992756359658,0.5239753890801626,0.18529862174578862,0.0798274586760577,0.084749622931663,0.543384109771089,0.3668529561024899
0.20098428321955863,0.5488478211952531,0.7018850460210111,0.6099437644301077,0.17694610778443115,0.2041472632663871,0.6880904398712681,0.436039272709392,0.5927492984549805,0.913898198066929,0.3787108672681861,0.4396904893934753,0.7008810031004724,0.7850467289719627,0.18833651489089295,0.1220990478687567,0.4977597521208553,0.2569105490444682,0.3690771323594848,0.5208066149332541,0.5240526373000389,0.15504236467792581,0.4908810685846391,0.029232446593697215,0.2988786135271185,0.25100672128840484,0.22259594340878752,0.4545176110260337,0.4207840656720928,0.41045279515219807,0.38281054647914037,0.369186046511628,0.09579911038547978,0.17728147664391056,0.12641122173956862,0.18590823134268997,0.5292154827228237,0.753875765092437,0.7629826366200498,0.315180823133043,0.5000000000000001,0.03852950680370343,0.7217188344311521,0.16843727191283347,0.6073312430642471,0.4849156825331339,0.6096962032732414,0.6091787078247287,0.4781619522645392,0.3491577335375191,0.09597593414717226,0.6038864026239558,0.07679786675328729,0.3815204163332896
0.22946833666162544,0.4331444374780739,0.6023253518499923,0.42211782997263375,0.2002994011976048,0.07028525782262449,0.6690943831584281,0.3513020595584012,0.5069573120901767,0.915476710865025,0.3544283462280534,0.4196600702611903,0.6730623635972312,0.8745696015740285,0.267943610632677,0.13008544538242284,0.5006740559507489,0.2402190408279795,0.2563026812616804,0.4792870342488691,0.5580712132567306,0.16949122988207838,0.40765476496275366,0.020487849917460325,0.32408985056261236,0.17167626902888347,0.301776174906749,0.40708269525268,0.5368075920736377,0.5252303078105486,0.3118703533252782,0.4040697674418605,0.0947812313920657,0.241597748606806,0.3379998931192347,0.2900810739056136,0.44149488358297495,0.6924183221333993,0.6929960338169339,0.33047122402330714,0.40922190201729114,0.05354587443230978,0.7265823124524823,0.060989361428151034,0.4948238646036285,0.44902274250941154,0.6175396303687026,0.6177576272886652,0.5379167356852042,0.2695252679938744,0.08319798783446417,0.6193810983199172,0.1270125474966061,0.3927720440674153
0.2157986647838838,0.5077589794353708,0.6599317492335552,0.4676188409683306,0.2074850299401198,0.053554521151337534,0.8873189374622705,0.407042526173961,0.5535328479073044,0.9224464519889262,0.3953948858345447,0.4578077326610645,0.6713087914669373,0.838662075750123,0.19223908584873128,0.16714830475720713,0.5135418282458174,0.2764978865746399,0.31941848786503424,0.4652524280802601,0.49952063639357486,0.13426657665456554,0.440277421012073,0.03341949002253244,0.11225865139682736,0.2282944124297537,0.22425530743565752,0.5262251148545176,0.4742806556679488,0.47032472362703565,0.3008573822932837,0.46511627906976755,0.12677535335999301,0.04581753142682893,0.14707675950359447,0.24364385851382583,0.44345988432448463,0.7513042704071797,0.7519261759204865,0.3496132650304762,0.4135446685878963,0.032154776946219044,0.763534724468437,0.15906918045244203,0.5783840617717144,0.2898767469444587,0.6100238186939548,0.623927541338858,0.5177383861405518,0.28943338437978555,0.08096962317522581,0.7328035935261678,0.2822291875883169,0.41715114298363687
0.2418679656754205,0.5025647651951047,0.6250950709941341,0.44668184959725593,0.2074850299401198,0.04189695585549065,0.8442764193701385,0.4107175672263219,0.5115079729899434,0.8794744766622954,0.38400372696404467,0.4300853886839093,0.648145323716537,0.8357107722577473,0.25965353290483006,0.24394690050947565,0.43420551090740744,0.23608163299730842,0.323645702226121,0.4788502790809623,0.5090509015710125,0.17511783951062893,0.4603133829951195,0.020820616757146485,0.14949387761421407,0.22552807904781771,0.22915042009043696,0.49881316998468606,0.48597436984660275,0.47811287623836457,0.2967680667504978,0.42732558139534893,0.1055652894816829,0.06046372451830606,0.20336007232700093,0.24743702499510115,0.4170992139997034,0.7194226297626409,0.7190830724661021,0.339269002054727,0.40922190201729114,0.0438800561903736,0.785544967691512,0.1835136039918655,0.5299167558053616,0.3555773296890309,0.6371400475928712,0.6430944046822464,0.48241887140836043,0.32924961715160794,0.07249119723135547,0.7253431858449167,0.30462836971210827,0.43167652336797624
0.20539601106274175,0.4872139195724761,0.6612973511894996,0.4658755295490245,0.18532934131736528,0.0421731276425084,0.8985052777090652,0.39681168703974323,0.5627288882400152,0.8725047355383942,0.33432118504851266,0.3834299246254102,0.5084283599453209,0.8657156910969012,0.1309325363597742,0.13444981330010106,0.4213377386123389,0.1956974683058448,0.385521949731111,0.4525435045816984,0.45176954326249796,0.14248268009761128,0.5245312098638583,0.027563886818514273,0.2487189834561531,0.24360014676729067,0.16830408267741231,0.47775650842266465,0.5393579524388292,0.5288069019634617,0.2721397410731294,0.49563953488372103,0.0699605153007788,0.02820512743189374,0.2967015523398521,0.29471237482060986,0.515089722675367,0.7762920812562075,0.7832403312817423,0.3248456229861765,0.4927953890489914,0.029580091728333667,0.7432056823519724,0.14986731481036164,0.6350030313127857,0.3457273993089577,0.5449165874909792,0.5530170668936655,0.49843874623138473,0.2526799387442572,0.10087221844989866,0.7007697557847514,0.12189782535047217,0.3260531857583793
0.35603813470809903,0.4641788375468132,0.46526697759219016,0.40538690707535047,0.30538922155688625,0.05626671729774293,0.4931557196421183,0.1210460344550982,0.34137799750560743,0.18201466802661614,0.47931487282028534,0.6072476260513957,0.5112780589489714,0.29857353664535174,0.1109824483023306,0.24914392581375927,0.506571947061395,0.5194892637789804,0.6545126307893767,0.6604358737938298,0.682492037695674,0.2111426014554835,0.708964808630876,0.02768916105288855,0.3686464912409745,0.32667649500117696,0.37701010184483963,0.00807810107197554,0.42578224061474756,0.5613247644298192,0.3657196456405702,0.010174418604651125,0.05682392102122627,0.34155087330848255,0.22041752048220248,0.46463236227467686,0.4442384695239508,0.7440075794686465,0.7446769097883286,0.32536302109569915,0.5994236311239194,0.0280191844960369,0.8137721881159956,0.42055712540527385,0.5679012777817131,0.5220463101438811,0.5605825801404957,0.5602391932221664,0.4408370413242926,0.4027565084226646,0.06408394729875945,0.025536223286268145,0.5869513636277053,0.3247977267085157
0.2304041577192704,0.6290996555775353,0.7180536052550612,0.4684365116095023,0.1910179640718563,0.026755351674120454,0.47114433421174984,0.3772207462235454,0.5804095282758688,0.7992010296760406,0.37377693631092807,0.3933895478226451,0.3775290696306347,0.9016232169208067,0.18396224073272813,0.08161502109826346,0.2860019522964359,0.1830993276714311,0.32344228739972275,0.5639540928922683,0.5871273344066287,0.2074304603334457,0.4369380940148986,0.018446285722178442,0.05208252582206785,0.39626868177639396,0.2887522357155384,0.2681087289433385,0.5176473443342904,0.526679492934598,0.2607461605794945,0.36627906976744196,0.058084644016324335,0.14033809171290262,0.1724501428901557,0.311719904052045,0.3185525730387068,0.7786073842278088,0.7815996229084583,0.35697194661851106,0.4135446685878963,0.03328491481874302,0.20295416384503995,0.40560026906233565,0.6265387552811407,0.3909545665514929,0.7872532279001676,0.7896546284522616,0.49813825109813203,0.3032159264931087,0.03487213533167027,0.22131531822996675,0.590866277601152,0.6348890457165923
0.26534704756811855,0.48060803356677306,0.583733957653457,0.378701747688348,0.2479041916167665,0.046517448814012964,0.4017140144265534,0.32439838127436516,0.468948273660268,0.8857035310117052,0.4747558027437741,0.5147398284234572,0.5829920812615157,0.8125922282341368,0.15604466693412275,0.2512180694123587,0.44570580217460276,0.31852207326147913,0.44875853388763864,0.7242869203383036,0.7037113115821361,0.2515018493843336,0.5168250706396096,0.022470731403582498,0.34838118029376597,0.3868906187519453,0.35857369145417733,0.4279862174578867,0.5058656065667488,0.49415347028575585,0.3067881878364468,0.46075581395348847,0.07352837419719523,0.5232012552486535,0.1014100004472801,0.25915219590822763,0.4804241435562806,0.7526177904764073,0.7558949356714527,0.3586846080060888,0.4005763688760808,0.034122032831602256,0.7274297548326172,0.40707972185720176,0.5881433317136322,0.3108658656077561,0.5792304306225668,0.5909763891898434,0.5258947277982872,0.12098009188361408,0.0825330179033939,0.7064923438622798,0.12291257037086448,0.3739806567174208
0.20086730558735305,0.486465633308733,0.666529498057538,0.4379874057421367,0.19550898203592817,0.04932925987633213,0.8653700799799152,0.3619891003965986,0.5696470234550741,0.8638593423672836,0.3671015981218632,0.4089284152012691,0.7239933399967511,0.8283325135268077,0.3365480135019469,0.07415303037586651,0.4053763207132296,0.2131584410018208,0.3198952413644049,0.5434590914074285,0.5701968657740479,0.16459507122799732,0.47803750321089133,0.018484651499261498,0.2646487964235934,0.2390670091211458,0.27677022192969375,0.4571209800918836,0.49602752128977323,0.48490136220542984,0.35111895764305323,0.4418604651162792,0.09633466101034227,0.12251676661716213,0.08175302697008524,0.2509262639924568,0.416394779771615,0.7357470909026287,0.7353968918438312,0.33892752002577736,0.4409221902017292,0.043352832425005594,0.7996949549936626,0.1601981894226451,0.5529910683073885,0.4367490072714145,0.6093461036468264,0.6100317823636,0.47454496152386416,0.2725880551301684,0.08984914752560941,0.7003868775922149,0.2871579007023436,0.3840585715225233
0.28154009408343844,0.4029211471295912,0.5207843274370096,0.4569550151008178,0.19790419161676648,0.06158384472360838,0.7664500166033366,0.32233378681508734,0.4212173191102165,0.8968381174413522,0.5361705786880858,0.5752990186273534,0.553329176358901,0.7899655681259223,0.22031757836911797,0.19351710158020904,0.46626285303623655,0.3874858123869414,0.4221620453360794,0.6323222699004887,0.6162234462005619,0.21839903161832758,0.5448240431543797,0.017563666526074308,0.4323596294183486,0.24737476087043472,0.2825951943568993,0.3880168453292496,0.601610113695396,0.590181925188676,0.32067464462932904,0.4404069767441861,0.045455617919589505,0.18050002901579348,0.48288476363510136,0.360065612841346,0.4469820554649266,0.715099870639283,0.7159542009953871,0.30820851806148764,0.47118155619596547,0.042159540418625296,0.7929172258760968,0.19346673157628225,0.5269987394258909,0.5399927801557423,0.6657273623447113,0.665701638494925,0.5554845653740175,0.2465543644716692,0.06552258043860382,0.546087645208183,0.3301802646740315,0.45333967668825426
0.13730667357391727,0.5440508454003739,0.7771389450816727,0.4613922846176544,0.18742514970059881,0.04043108459026909,0.5468799261722173,0.24435130068940464,0.6980181039842464,0.9049249599300597,0.3613962740525891,0.4208560195529894,0.5927435569369304,0.8268568617806198,0.11403533618995917,0.10842656662082997,0.4811930557339989,0.2372446746855938,0.37125748502994005,0.5373308889574442,0.5389273939457355,0.22706164793748496,0.4767531466735166,0.022090684641536136,0.09452548987191034,0.3329845675247455,0.2329432623937579,0.3815467075038285,0.53987935439358,0.529741175839287,0.34730884952542734,0.3822674418604652,0.08238731975479983,0.033038819452933355,0.34431412212108053,0.2960619311664819,0.3638588165504968,0.794726147027107,0.7948673365538068,0.3381377599366538,0.41066282420749284,0.028435026919703118,0.22135699186836091,0.4096960913954476,0.6425639265234405,0.27296168325511827,0.721515927420892,0.7353396352916193,0.520668751492802,0.18989280245022966,0.06121121386926168,0.16827077011798056,0.6487298929254827,0.569474300298688
0.16252370885938452,0.3858377844687815,0.6665143728772446,0.3668331176286483,0.21706586826347307,0.05376806284064813,0.9298165521028481,0.22924889895362527,0.6013234096087012,0.8850599834863276,0.33258791828652556,0.38735659458387695,0.7063706967887703,0.7939006394490901,0.2878963076221453,0.12269783696544864,0.4445176629208769,0.20292486533280724,0.3555119061240576,0.5159488373027441,0.5256834949144623,0.18109283546400834,0.44079116362702286,0.03076110403966011,0.3277950071728516,0.1598466882081304,0.22836773506971744,0.5341883614088822,0.47435104676005607,0.4716980634215823,0.3061453546483872,0.3997093023255815,0.11100677212151422,0.11495959720215795,0.331548574165443,0.2461293995721746,0.5378911463740175,0.7142931828834743,0.7252622307492325,0.31578451223600473,0.4279538904899136,0.04996034688268616,0.652989257221279,0.17984244241671382,0.5544426808105268,0.47305450982414515,0.6193396638229363,0.6189673092739167,0.47958653417720093,0.31240428790199076,0.09550191058393652,0.6504651835197663,0.12677539996545123,0.3934939881313205
0.12162331531320758,0.41004204471051847,0.7309112411134074,0.42332446954915987,0.19341317365269464,0.07751094434944707,0.8617882607474436,0.2637516492131511,0.6798023624837009,0.9193379960172908,0.40366225190241334,0.46365145504956695,0.7281280939028358,0.7899655681259223,0.2527164833624439,0.04807497925156207,0.5078028914731039,0.28069688700948814,0.38381199384670145,0.6003622442100991,0.5951083673929748,0.14714986874521935,0.5253018237862831,0.02770047553296061,0.44368805289259494,0.32014470520658694,0.27349593052070215,0.4507656967840735,0.5263563133565139,0.5146585394937098,0.382036361614124,0.3997093023255815,0.08657674225656864,0.04239504662846638,0.17398445433393028,0.2792632812131274,0.5256933115823818,0.7053938057140914,0.7145573015032489,0.32621807210058545,0.42074927953890495,0.05240387238005968,0.6929603532471055,0.1638069676484376,0.5366000081031002,0.4168428652467639,0.6340037196364752,0.63555662093029,0.5194634512387436,0.3032159264931087,0.10406251903072178,0.6735313975570741,0.24844717744610512,0.41655652752097905
0.27247432758750345,0.40835271214008406,0.5350665649936113,0.4727780928124021,0.18952095808383235,0.05466530975813371,0.7368031089241696,0.354437326315466,0.4354445189563276,0.7491621739763952,0.20381412595410123,0.2189698299036099,0.49256286734831156,0.7466797835710772,0.11813291638808741,0.08815097046997664,0.19361852088881018,0.06416615781653387,0.4390454759271266,0.5615730608397945,0.5429617110228265,0.19373556654958865,0.5417415874646803,0.026993946445343697,0.37566369650872855,0.3159105602450649,0.22119138598232607,0.44854517611026035,0.37832781615928923,0.3682744782592315,0.3802410161337064,0.3997093023255815,0.0653126759013478,0.08535079285538139,0.17412562584118632,0.15323920211620473,0.5853848435414504,0.667906437712867,0.6892329291437296,0.3024568316274353,0.4726224783861672,0.06467855753166407,0.6690792194834405,0.2422784399187254,0.5174785339048136,0.42989015522665147,0.5386359077336025,0.5398308002195681,0.45952765131172446,0.3032159264931087,0.1518695197040025,0.689268243260156,0.1121067769943781,0.30420202158801596
0.19093256239503345,0.4634977376157329,0.6668032798999238,0.4359305852912759,0.21526946107784434,0.05808133598020097,0.7809587009479518,0.3617920333312741,0.577860831831003,0.879814464034193,0.2856873925634191,0.34534609121760507,0.6379678965509313,0.8558780127889818,0.19066657353620878,0.18031549538494965,0.43483320711692297,0.17005663835096813,0.3184967644329175,0.4938397346587342,0.5258072136497545,0.17432861720095033,0.4443873619316723,0.028972048475372342,0.30504387777932573,0.2558095909599374,0.24357710779583336,0.4851071975497703,0.5107424110749843,0.5011566390644298,0.33264990955002705,0.4142441860465117,0.08823774492429695,0.10685306716343926,0.3731746993551389,0.26794588040849915,0.5010381135992882,0.7171320667417129,0.7228166821166311,0.3361598787386307,0.4077809798270894,0.04121728384039232,0.7147709508217743,0.15468445981840684,0.5436629485196822,0.3784745500489917,0.6233310168448576,0.6274566303853772,0.5092188575039873,0.3108728943338438,0.09962497489047381,0.6962819799098778,0.26097243747140986,0.40963360607947175
0.20407583492784986,0.5070388947344195,0.6739366251466751,0.46527270715277086,0.19790419161676648,0.04790334833823893,0.9010296510713478,0.37469554267703586,0.5718849886352781,0.8412016125115352,0.2024262142716569,0.2585164109599156,0.6104795337144286,0.8357107722577473,0.10983214658251286,0.1280963746847434,0.3635448518933729,0.10416447068025664,0.4027486428417051,0.5043625303501562,0.4953742318645165,0.18585279557073123,0.5181094271769844,0.033880305075759606,0.26881454000885924,0.2746550885770728,0.19300231310501298,0.4849157733537519,0.31624841769336187,0.30994056546558035,0.3742627890964915,0.3997093023255815,0.11149404509430333,0.19939507803805384,0.07270874524132204,0.11526724220637993,0.4747886697315735,0.7065700941639486,0.7095230771228287,0.33600578280084736,0.41930835734870325,0.04626213028329786,0.7485831206100364,0.09688688601669529,0.5209384979296212,0.48053220566242066,0.5899881069991993,0.5895223551934429,0.47311543882851104,0.2879019908116386,0.10258324503486728,0.6808356141455547,0.06819652412311955,0.3581451339902741
0.6441373317402094,0.7405150537372592,0.4481089345674495,0.4193331099891502,0.6646706586826348,0.011669844252955669,0.4573771617273115,0.19860876790852638,0.20392683190920505,0.24490018942153574,0.5494290640803787,0.635657098234266,0.5303003091728958,0.295622233152976,0.10730664686667192,0.26955997961285433,0.22661268872835388,0.5177105187046716,0.6745680613295701,0.4882486239223246,0.5376999771294587,0.26863505334891,0.6681222707423581,0.025785904408807334,0.3616173064283331,0.3657627076648621,0.2648536569827528,0.11462480857580398,0.3748701191566645,0.459985991128567,0.32902589691724043,0.14970930232558144,0.02305289959971704,0.2644897415755387,0.21071127996850392,0.3048983981154964,0.48591131543823224,0.7092392621561843,0.7132701190056217,0.31895719497838,0.6195965417867436,0.03279298593313049,0.8592285576922225,0.11150889948320855,0.5278128942739287,0.670414109638492,0.4181037347723172,0.43186476618177894,0.514494365673968,0.3935681470137825,0.036571870487090305,0.08922079675247302,0.34795914245025383,0.20953395806352543
0.23672094985837344,0.46082021942237783,0.6078800846021178,0.4654140652838996,0.19640718562874254,0.04070455317454311,0.7700215946445462,0.39853430273291374,0.5048123110006264,0.8573752974889504,0.2820846134918411,0.33183193570067226,0.7641652414810658,0.8258730939498279,0.30832957205448364,0.07539272647765882,0.39340525728889764,0.15351014903873608,0.3771628717088116,0.5153735683009171,0.5154360529496238,0.1653234545885826,0.5324942203955818,0.01944217956400321,0.28299106313504285,0.27438704669501973,0.21385729208225984,0.49107963246554365,0.4685556726806185,0.4601819650451756,0.37655285936832483,0.44331395348837216,0.11408526570454106,0.2482711856802487,0.3275936287150345,0.2304574168463883,0.5166468930742993,0.7240999078661171,0.7317429610737441,0.31216064841022284,0.44380403458213263,0.046476792643794285,0.7286719352631628,0.1519143966956735,0.5591665263323653,0.36965602599143926,0.5769441885017512,0.5822129727087263,0.515106490315806,0.25727411944869827,0.10434539593681472,0.6880630802805427,0.1777691982081486,0.35621637164815206
0.2345568636625696,0.48849169056192515,0.6259404600750184,0.49678482695154763,0.18892215568862278,0.04446958157523516,0.8800561338987488,0.39801300423408037,0.5175718899680677,0.8099834863276507,0.28394419449242103,0.3137551637147956,0.6198166183227074,0.8091490408263651,0.19287138679291943,0.09326280609264656,0.3059088892267857,0.12849891911930036,0.42743811739578164,0.5209093891784755,0.504896445081446,0.17321773896797438,0.5340354482404316,0.022882028721455228,0.248702668670316,0.3085132735259044,0.19496706247885282,0.4102986217457887,0.48750462069904055,0.4763896111715181,0.29716652313495723,0.4462209302325582,0.10348384503056807,0.07048254220204975,0.17925911556164656,0.24285989904767283,0.5393000148301943,0.7054724708683677,0.7168071097055724,0.314692914122333,0.436599423631124,0.04971123006165641,0.7279494918321472,0.18169456412247217,0.5428120311375861,0.28090351193852814,0.5513583246477547,0.5680982860896723,0.4620306813065386,0.2480857580398162,0.08670158921089216,0.7466705435536882,0.22611775854163432,0.3526317493568788
0.318362981592734,0.51985721477424,0.5449458740582327,0.5231798857847323,0.19970059880239524,0.04316594443407224,0.6160773071341726,0.5039281812294991,0.40939639643380604,0.7511899558016416,0.26449960337464906,0.2763506049782374,0.6342622817491245,0.734874569601574,0.13321150465884482,0.04941211322088057,0.19736228042413498,0.09403630113777967,0.40271050256175545,0.4607108369416451,0.4529337037873011,0.1689938727184645,0.5209350115592088,0.021655813923053834,0.22584987182456961,0.26618462746217014,0.16471890054600447,0.3733920367534457,0.450829015231757,0.44281827950501323,0.2231892594174767,0.3895348837209303,0.08313009361704461,0.2105170420809088,0.3816482589097768,0.21523810075273853,0.5535740768204064,0.6884928148232806,0.7026583651313454,0.3343863414885909,0.4380403458213257,0.047475384304739576,0.6880013559016448,0.20045948140449749,0.5266163778352468,0.4304574287040379,0.571166139701201,0.5722309708201723,0.424271637052268,0.3660030627871363,0.11391319033614179,0.680607738179038,0.1164192862881111,0.33995520622763586
0.24334689716830574,0.4867315525263218,0.6141479739082729,0.4464607902462234,0.20598802395209584,0.03894084563230076,0.874997303298364,0.39005786177444285,0.5036188591515852,0.7966632667929476,0.3500050761309889,0.3702290160414445,0.6696777086969536,0.7825873093949829,0.2591657278615844,0.21155721493279853,0.2813166484468378,0.16466658963537623,0.3873653965953443,0.5342231417622869,0.5296679199213616,0.19499968277144714,0.48317492936039047,0.017963490213715436,0.17319272743178887,0.2927716426776583,0.22138262748601756,0.4203292496171516,0.44187736439419495,0.43099069445362753,0.320524681293178,0.3938953488372094,0.10771925642320948,0.11856974193109854,0.1560870433581196,0.20259194772198094,0.5456769983686787,0.717549908459248,0.7297771673133402,0.30651031799355627,0.5792507204610952,0.043278712302707883,0.7366097131426099,0.19007785184327308,0.5627548078164233,0.3514517043989479,0.5792958375840509,0.5863013116588779,0.5247963220850249,0.30781010719754975,0.09002050744104828,0.7262550519886876,0.1305163498225979,0.3630834640266357
0.4308787526842189,0.6625732299406716,0.5336433436180464,0.46253314818384705,0.30029940119760484,0.022367200990797777,0.6529893649843916,0.677173460056596,0.33591536029182917,0.8057700713973481,0.4397602623503735,0.4579624406015581,0.7022806866162732,0.7393015248401378,0.23512662330336465,0.2810394974559933,0.2981299397731468,0.23979601566657133,0.4084124744142288,0.6722565782436098,0.6586755464392803,0.2592336203313531,0.4646801952221937,0.02189334170020435,0.16483583425807732,0.32538949260243477,0.3225516829503924,0.37679938744257274,0.5659523826079059,0.5558097528644179,0.3761650671901532,0.308139534883721,0.059302289085840613,0.1581828319450115,0.5608916184625092,0.3234508819729986,0.37639033071333233,0.774282082738357,0.7740360454482214,0.35686922261101894,0.31556195965417877,0.024443853482349908,0.85517734798171,0.21742083883478594,0.6101549253940595,0.4871332061265535,0.5466135171336307,0.5460959252711086,0.6003154719398309,0.19601837672281772,0.12184428282639143,0.5474378529156899,0.1982527083352874,0.3090393583088092
0.17427996089604866,0.42792949366195376,0.670364797000698,0.4376295587308619,0.1946107784431138,0.05111782761033325,0.9229259005116124,0.2556385263358337,0.5939445042458478,0.9098669192287143,0.37283331674288595,0.43286484814623244,0.6441718526730625,0.853418593212002,0.19738934738739358,0.20202184504850748,0.49031706849374257,0.24946235770427835,0.41026227799178705,0.5222607988485467,0.5105835892861583,0.18252907874692703,0.4955047521191883,0.027086655523265602,0.24836642266432482,0.2899592091239178,0.20213576435263136,0.5449464012251148,0.4976743300873584,0.49624524515087215,0.2655643111415131,0.4781976744186047,0.0864731880820858,0.22892359274826518,0.18078015058260397,0.2708310380418119,0.5295862375797123,0.7504661898958624,0.7596672847307723,0.3203767192221494,0.44380403458213263,0.03704328349719209,0.7215346716521138,0.16892467236171727,0.6025040416738214,0.4243721314011655,0.6543895750039794,0.6555075861728525,0.4600373455035906,0.3583460949464012,0.0862056963048894,0.7135268285411308,0.19766961733363692,0.4415050872365813
0.21966728219182657,0.5118567704699583,0.6575466111350796,0.48993681530965183,0.1883233532934132,0.0473364485323261,0.8961857556280024,0.38980343786628224,0.549008517164206,0.9082762640244791,0.37918740097758746,0.43766778509228776,0.7335968584406203,0.7781603541564192,0.25719057386401273,0.11688720322298185,0.4873803469420806,0.25299696397083404,0.40251980116200714,0.4160776768912614,0.40983675816896675,0.14859309887565608,0.5134857436424352,0.03154070874679571,0.19285508792234135,0.22603386989370586,0.1384353455834352,0.4440275650842267,0.5155085934613807,0.5037774698178535,0.29858104062193813,0.39244186046511637,0.09107134603197313,0.1144725912027805,0.24846558969558716,0.26848836956710803,0.577117010232834,0.7117404076226721,0.7300729218594272,0.32378786675145477,0.505763688760807,0.04659464982251711,0.6833253433608831,0.23140940990861725,0.5716616353029839,0.24944561910164498,0.578525728633818,0.5995602559346094,0.4308662621775891,0.24349157733537516,0.09787946734742053,0.7755653963040801,0.14878786302654046,0.39505190869960305
0.20793609679063504,0.46691820004488743,0.647170745601533,0.41773187170923876,0.2008982035928144,0.04973141316283332,0.8818681862519342,0.37368196706319645,0.5516273934796866,0.8195395599592015,0.29189693499399705,0.3245308341709912,0.6101893448777884,0.7781603541564192,0.1523724210380911,0.1877523833682118,0.32355163625852595,0.13788219406089244,0.3499497819647329,0.43175439540763744,0.4503048752476827,0.15676266279535014,0.4770100179809915,0.02150130830361243,0.2653954754621936,0.22845413000046122,0.17877104191944143,0.4809341500765697,0.3630536664662137,0.35542515217970483,0.23465703740308008,0.4578488372093024,0.13918926916014568,0.10749903473353453,0.11551960728758087,0.1455463746484134,0.5177591576449652,0.7750621845843378,0.7823655247235434,0.323866349037236,0.4020172910662825,0.03598257527205995,0.7344901968021111,0.1533765980423248,0.6341920138895589,0.35877468928884526,0.604854131713429,0.6108436176101584,0.43274410158585713,0.31240428790199076,0.0896679689849044,0.7098093551348572,0.19075048819758567,0.39139661025620887
0.24673089295711095,0.5621872720890817,0.6555767984886085,0.5757805023188907,0.19700598802395214,0.1478433292383145,0.7800117980664636,0.43487194960801745,0.5270276518834345,0.8296056146485987,0.3175323339156691,0.3513837712240732,0.8344567475054758,0.7747171667486473,0.47880261276141256,0.09274308961029076,0.3421359276045395,0.15897849198188668,0.39056282339779036,0.5853318427944301,0.5782466417215639,0.17867869235139683,0.5219624967891087,0.0317749977475342,0.18043048902687103,0.2933410468322275,0.25797630895149504,0.4211332312404288,0.3391753571113426,0.3294368590066304,0.5199762534653092,0.4011627906976745,0.16005346004133292,0.1240118335782075,0.12966142573180878,0.1259554550810887,0.49558801720302537,0.7691284707597494,0.7738385307697281,0.34049603525951955,0.4178674351585015,0.03240843968850824,0.7353355557717578,0.15891030843104437,0.6172414125743027,0.3812593471197978,0.5778322100635341,0.5820878863540716,0.4591540823630914,0.3032159264931087,0.08557571161006175,0.7003100879947421,0.12815310884435227,0.3549715120606633
0.24737426993424183,0.6492127810326196,0.7126391402582619,0.48174103649773586,0.2008982035928144,0.032637632261271074,0.48270102565149475,0.24338339272587467,0.5638981881315289,0.8936446646267424,0.41513078527028424,0.4633975797051687,0.6335644234869533,0.8480078701426463,0.1523068983209709,0.0986458037411562,0.4603669922111442,0.2707924327631388,0.353808306952973,0.5035770902541999,0.5148828198791743,0.24321016446150184,0.3960955561263807,0.026598510789093338,0.11733202910925847,0.3079400249866966,0.22114069095814864,0.3751531393568147,0.5140509150606716,0.5048340836390539,0.3424967567316215,0.369186046511628,0.07913499477028668,0.14283145855971052,0.23387977092327064,0.27198769242258974,0.3811730683671956,0.7821246607855831,0.781777010710652,0.3618356813843042,0.37031700288184444,0.03233494320862871,0.17742100669398314,0.37508545904111407,0.6217256562247842,0.23026146150275895,0.6942193424347476,0.7147222868475617,0.5191810723817855,0.14854517611026033,0.0611855739123201,0.2158864276479476,0.5375497009263264,0.5486813571758998
0.508351367384965,0.6794188210232261,0.4806046960112057,0.44843771625144646,0.4305389221556887,0.012169958615105156,0.5055912041709172,0.3687051124807786,0.2692486239726372,0.25333916168828013,0.5000718459088515,0.5895460005165456,0.6114735225086501,0.2115100836202657,0.11714287644391945,0.29664791000315305,0.5078035493651272,0.4574759831125914,0.6074729521848024,0.5760691341576646,0.580639371249938,0.2429927859112345,0.6822501926534806,0.019395165432549745,0.28512192272099895,0.28378713418980717,0.2690121439952262,0.1562787136294027,0.4196388000112948,0.4765148894650317,0.2881763211769227,0.20494186046511634,0.01553530144290774,0.19376571139169468,0.34579560287480327,0.30097750276462415,0.4647041376242029,0.6612118557767585,0.6634490029778428,0.3367108335131228,0.4855907780979828,0.04343826021528943,0.7043878008292683,0.1674027579420361,0.4575948510586813,0.671703367541643,0.520917222808711,0.5321915090319591,0.5073275990121321,0.46401225114854516,0.07561867261934603,0.35473794332424696,0.2001329041629741,0.3064800738994691
0.25936447723531725,0.5160428933646144,0.6119970283183003,0.46565624480888923,0.2077844311377246,0.04004978580771945,0.8688347564709671,0.44637868064726116,0.49043043715173307,0.9048035358686677,0.31141519334476286,0.3786900788024679,0.7858360013143563,0.8229217904574521,0.35431237455952247,0.13487096331406465,0.48096887851631476,0.20323799339717447,0.3444448682253327,0.3954509109389848,0.42079132388675156,0.13201842384620252,0.4777806319034164,0.022503259919287984,0.28197971777774883,0.182274540867179,0.16266730680384386,0.4596860643185299,0.39412824386213163,0.38437361437830225,0.43707305273382835,0.3880813953488373,0.08247639932399811,0.12407494286592438,0.0898065610502442,0.16570295832117798,0.5015571703989322,0.7080197840357061,0.7138392736519582,0.34252864068868905,0.40922190201729114,0.04458126673863202,0.7460028356236006,0.13207719842610385,0.5309230147611474,0.41936981073693974,0.6068643755514098,0.608377865834826,0.43663633146212394,0.31240428790199076,0.09869869831775394,0.707359019627257,0.12902272838916234,0.3829819092401626
0.23693819403246963,0.4025431282707994,0.5773926970881029,0.536895553198169,0.2131736526946108,0.10667378486619503,0.8592071324613699,0.3056027707371189,0.48631242174480355,0.865947836223226,0.2848990150409292,0.33814152315100304,0.7326169303372534,0.8406296114117069,0.2840737404829065,0.05059131633563091,0.4092321688573965,0.16038585215338,0.38632925232337867,0.5318513929439104,0.5277497997995296,0.20978990201672354,0.46211148214744413,0.028480533793716435,0.25907809926958886,0.3096105469241243,0.2202313155377527,0.45379019908116386,0.48978091422344927,0.47860323607830607,0.2900389236128398,0.4447674418604652,0.11057360079910311,0.10090109234478659,0.23398869606776568,0.24488205769398308,0.5966557911908646,0.7722019093476647,0.7931641757337491,0.3074235360472667,0.44524495677233433,0.03482693503666849,0.6829442436676547,0.25709541356479215,0.6717399147410554,0.3335568047032128,0.5424352385370975,0.5520100764561235,0.47022095384051193,0.30015313935681465,0.09001730879317016,0.6900222373569602,0.23006057268675387,0.32649291750284637
0.19852775294324074,0.4480610320379891,0.6492355647914101,0.47722042201076387,0.20808383233532937,0.06940224630220818,0.9023060848662416,0.33221645334092875,0.5605016546669497,0.8791830589149545,0.38947245482837534,0.4348573949398837,0.6895850974730684,0.7752090506640433,0.18999924416721478,0.1398351263615097,0.43366748558496554,0.24012890799023753,0.36727818248852606,0.4223480802255614,0.4319675129868196,0.14385519588856233,0.4872848702799898,0.0331502890527788,0.26966720369074976,0.21132488796720864,0.16132194700618935,0.5080398162327718,0.39682084567752113,0.391955800072788,0.4133417744477489,0.4026162790697675,0.12262599846927313,0.3307951611611886,0.22778282746714518,0.17529266258192133,0.5083419842799941,0.7832590344674696,0.7893194869108465,0.3238569698453353,0.41066282420749284,0.03359162524690533,0.7318976666975923,0.14099662664067694,0.6432097169583464,0.3607343613016347,0.6116851563320365,0.61742233148367,0.4772107436849,0.3139356814701378,0.09814376719833207,0.723472084421172,0.23114836779945513,0.399051661352675
0.19490144634486675,0.4622626745910032,0.6611436829609921,0.4992372971670265,0.20808383233532937,0.09989547980398181,0.8044973937217633,0.3444063732427053,0.5709940294144573,0.838166010976735,0.3250012386185824,0.36134347816010987,0.7465185979507369,0.7594687653713724,0.2863114887826609,0.0785171737210138,0.3579404214512699,0.1685330123953575,0.3100995461306686,0.4439343656471858,0.4869747089886749,0.16163610089715488,0.4492679167736964,0.029210597435764058,0.2695414315836417,0.20279297207924027,0.21995312190170702,0.4477411944869832,0.36306553950971426,0.353163504299451,0.2110473355855561,0.42877906976744196,0.1261086480874004,0.06517392406335482,0.13945358620061352,0.14232779536659088,0.48976716594987396,0.7476189437293743,0.7518378461593919,0.3367665701018551,0.3976945244956773,0.03908379423993982,0.7154715765882812,0.11657786415159979,0.5835638674498195,0.42545510803981224,0.6113685528438948,0.6125573577487967,0.4236611279301338,0.3598774885145482,0.0895147905226491,0.6933393006403221,0.10982904995512388,0.387569054212194
0.17789791194926513,0.43059027352765605,0.6669748273342899,0.39006806525936544,0.20958083832335334,0.050582568197833654,0.7677157211430851,0.33075778991358984,0.5887030531325508,0.8581524114818593,0.3666933643198272,0.4063935623231827,0.6743131621573737,0.766355140186916,0.1855364742220235,0.14357031669398032,0.394839991482076,0.20934951349179765,0.31308720139339147,0.4450759252070995,0.48588590702240164,0.17407641186188771,0.44207552016439766,0.023675282042397654,0.2020802754028232,0.20972394094821006,0.21780149311508612,0.5416921898928024,0.3929667656383409,0.39433300336091764,0.39486117695795886,0.4694767441860466,0.09350166393606747,0.21213632251479136,0.17492168792060842,0.1818729760772388,0.44920658460625834,0.7452260715196742,0.7461685418674253,0.3455962721060503,0.41930835734870325,0.041119314486068134,0.74756608876172,0.13629188202900216,0.5705498660829496,0.39188283224176157,0.6432549130917267,0.6462707297362743,0.4877467323589254,0.2909647779479326,0.08674916445589906,0.7079851894765892,0.18042535811699728,0.4320095677987967
0.32548190606696137,0.49268976507996587,0.5191733419144468,0.4872625235523656,0.20928143712574854,0.046972889454420866,0.7380902284461058,0.4973631720138547,0.39010614834568585,0.905726358735247,0.4149664351616055,0.46798987519980156,0.6343908641868834,0.794884407279882,0.1391462805889796,0.1475031901594383,0.4826726253707141,0.2795933538350161,0.3860495569370812,0.5870434531950747,0.5813996789437523,0.20309064520593262,0.5193937837143592,0.016782340187324368,0.3499861436502427,0.22050444450901907,0.2617592123191732,0.4383614088820827,0.5388265290322398,0.5267593557495869,0.3268635711612901,0.4215116279069768,0.07028011990398053,0.07869131713612873,0.4645331795260664,0.291092198045916,0.49106480794898416,0.7442663157276894,0.7486399368259002,0.30192232801589797,0.4322766570605188,0.04165628336916432,0.7884858051144596,0.15949363442173117,0.5790505279739319,0.3693981744108091,0.5652132043448241,0.5706234936244365,0.6253924461412513,0.23889739663093412,0.09976756314636406,0.4637069351916209,0.29508814068952977,0.3430821173329205
0.23825837016736157,0.5103404281021254,0.6340309396826003,0.47339984540735,0.20479041916167667,0.049361987314342846,0.8772719732240201,0.44045514360405863,0.519794601412122,0.8395138180581865,0.30226743759289837,0.3416456565096722,0.6221091139152347,0.7742252828332514,0.19710860623628695,0.09525360397130844,0.36042878856756366,0.1548468316816718,0.32978628729801535,0.43966720143463467,0.469888207834311,0.1531952172110797,0.46622142306704345,0.022781579212570468,0.22526429455111913,0.20193676738089483,0.19952633199657588,0.454364471669219,0.3934137441269089,0.3834061833086738,0.3181786529260193,0.4360465116279071,0.10877863643481413,0.09319828055436888,0.15314102805700508,0.16473319592605143,0.4833160314400119,0.6983613544703907,0.702183039621458,0.3450035207772627,0.43083573487031707,0.04589226757727568,0.7284737724596635,0.10809709634102213,0.5119836030737761,0.381517198700428,0.5985295097410633,0.6026009878974732,0.4937485829311428,0.3032159264931087,0.08723089374501701,0.7242956377609375,0.08123059278633818,0.37909975703400894
0.2653554031132761,0.4780829968862162,0.5822596581454883,0.4475151808227312,0.218562874251497,0.03857696681879201,0.7523161520017798,0.4462926823951371,0.46804594711393244,0.8206445189178688,0.30333448399225205,0.3352276264422712,0.826091011340915,0.7707820954254796,0.5161843598038527,0.07875107722484542,0.3255916489394514,0.14541511018714995,0.3332061990668344,0.46223429436754393,0.4881023091648127,0.16005987008135292,0.4549190855381454,0.02892021961076922,0.25801411972380744,0.22977950344558204,0.2103297840964442,0.497052067381317,0.3700046771866733,0.36417626895334254,0.3988442540965089,0.4404069767441861,0.16805536815682043,0.09652116659943571,0.09455736481605825,0.15326105943890733,0.48031291709921403,0.7399468542896039,0.7432688758256336,0.3229714507434318,0.41930835734870325,0.04453218642437295,0.7605437282573291,0.10414915270506353,0.569716992338712,0.34974988396678863,0.5771588965253984,0.5843682164173224,0.4518585941578286,0.30015313935681465,0.09005811037489157,0.7294611019327486,0.07451193977166962,0.3609708121214841
0.3119459229117404,0.6212175821939295,0.6218332872965635,0.4720102065773053,0.19940119760479044,0.026061080320396418,0.7826153494537598,0.5957438313507685,0.459544094391251,0.8184588858128126,0.20923429680874833,0.25250088139481897,0.5265320583468638,0.8337432365961633,0.09539312864461413,0.07186247019431463,0.3215564590211373,0.09491381511935473,0.3710159299235922,0.43671755724209416,0.4434912634435918,0.18417894699803505,0.4931929103519137,0.013177640899728778,0.2663295735812101,0.21534631407020913,0.1672809082138362,0.4486217457886677,0.40872709392061957,0.3983227622095467,0.22807557841236495,0.43313953488372103,0.10237779151738566,0.15774701381667955,0.18137947513345576,0.17607410332440027,0.5144594394186564,0.7525231459044941,0.7595999716939604,0.337860974971433,0.43083573487031707,0.034063584599874554,0.7533689711837094,0.14903873404725923,0.5992551716750164,0.3797638079521427,0.5294179629236619,0.5342372797864269,0.39161742449993503,0.3476263399693721,0.11153223180939772,0.7151336241424902,0.15714350235107571,0.3020290403137853
0.12205780366139996,0.564995369395418,0.8076526088460153,0.47909237934803883,0.17814371257485032,0.03624307462050147,0.5737938869952739,0.2967336366070723,0.7335048340399181,0.8350939822235175,0.3228717260487194,0.3582609953211376,0.6550031839532018,0.7879980324643384,0.13513336297927714,0.1779248391054127,0.3522687378438617,0.165419711508611,0.40279313983497966,0.5791840607897589,0.5685226729161343,0.22246361452612534,0.5047521191882867,0.02658423578268024,0.12194692362476667,0.35209707101003557,0.2473483372493372,0.3624425727411945,0.5753778388678658,0.5663823103794273,0.3153637733901656,0.35029069767441867,0.056888525108564264,0.06769319894307724,0.40148507197285055,0.3360833119932751,0.3814325967670177,0.8270457659623425,0.826708720191797,0.339819100301176,0.37608069164265134,0.02619797748384486,0.2836845780576811,0.4609828732140699,0.692116905501408,0.35712443917281206,0.6141126234012481,0.6201596149071595,0.5347061587756348,0.22205206738131697,0.08778746191882217,0.06441950666979568,0.3842856301711337,0.4028203823209088
0.2712209958138719,0.5780435587635335,0.6374341806389283,0.5407956992781315,0.20808383233532937,0.059178417235219265,0.3851696718397111,0.42909934857231147,0.4975502069143982,0.5090703773859828,0.43242888392558576,0.44080047883174583,0.6740194532269724,0.6109198229217905,0.24862486059668143,0.3372307975015165,0.37754555050669814,0.2153926208779383,0.6325311161117256,0.5524228917777548,0.5701315004332445,0.177574763593854,0.6999743128692526,0.027080497947075552,0.6277729475891991,0.28383651928294457,0.2700951884365985,0.16324655436447166,0.4922698287381464,0.5374337651844122,0.33347978897439456,0.36482558139534893,0.06948791901412342,0.471085283490931,0.16363465680895697,0.3573798198057578,0.62027287557467,0.40916339345154196,0.45558671571248327,0.4977826348892239,0.4913544668587897,0.0817458726158601,0.21525716328990616,0.28814282215868864,0.26418598341914634,0.7096075498942808,0.46092353761236227,0.47991709897014034,0.4821182291281332,0.4058192955589586,0.06894616803433774,0.27921721284941536,0.3000311265902603,0.25967638556189593
0.231674200583217,0.5247545330339236,0.6505158559515696,0.4541338237562062,0.2203592814371258,0.043775704305270696,0.8913835390767937,0.37098409983612113,0.5352213325710633,0.7639637670600806,0.2659389033250346,0.28145515670203675,0.5232848754862108,0.7732415150024594,0.1646044246023563,0.34172168040424244,0.22094572372450438,0.09912678954291138,0.30156883684859576,0.4322431126303662,0.4830200818271707,0.10919541520292253,0.4212689442589263,0.04305705826550678,0.17180577470465697,0.19392374167505472,0.22161644228006067,0.43782542113323125,0.3420181080612944,0.33213075066663644,0.1594485650390301,0.44331395348837216,0.15624695877625533,0.18607523393155195,0.14358695047886239,0.1278153218738607,0.49347471451876024,0.767827873012516,0.7723208984009676,0.32401970080734066,0.399135446685879,0.03745475902759329,0.7177842317154477,0.12145186864043755,0.6145968298871731,0.33376308596771687,0.5358693486562306,0.545536920876287,0.40675272296971454,0.28483920367534454,0.10091165944238743,0.7264226489347488,0.11044807400068107,0.31941468975874626
0.19540277905431935,0.4771644108035874,0.6683567284950559,0.4180771531050417,0.20568862275449104,0.04077848945020087,0.6724619647502534,0.3796610903836363,0.5752277958024643,0.8079435620962649,0.3799956495598009,0.40179372000381464,0.6062096252548153,0.736842105263158,0.14068685305337794,0.33203312203812624,0.3021427119696925,0.19188483420854588,0.29231981896080445,0.4901062174041273,0.5399126246030057,0.17245200525233828,0.4551759568456204,0.01269487015350935,0.0978540722253805,0.2106262149662951,0.266954808065596,0.48560490045941807,0.4962991324271639,0.4869734087234133,0.2504033825001417,0.49563953488372103,0.07181292247052347,0.15881469837355924,0.36846352245015845,0.254486686064753,0.4374907311285778,0.7651400746007783,0.7654694713641773,0.34292808066248526,0.4466858789625361,0.03302208454565579,0.744060791272791,0.18085072969498855,0.5981084865457763,0.3701201588365736,0.7032611333411346,0.7074614518451162,0.4859738244273577,0.27718223583460944,0.05796203504507983,0.7415625096536533,0.15042699625698147,0.5161091308796346
0.14165155705584012,0.5452573886670257,0.7724215291970173,0.4259875289643093,0.20239520958083834,0.023641250840752092,0.48231333318241865,0.6450399088310652,0.6908469443436025,0.8691898586623925,0.3515765757080266,0.39720551732669246,0.5187657771057467,0.8111165764879489,0.12306559663556503,0.1209250014628992,0.4152177005695625,0.20553503953347452,0.31486708112437534,0.552044065418174,0.5809815415233641,0.2280893526618267,0.43257128178782434,0.02084348864810046,0.11977686037211263,0.4080319892260393,0.28768861635727827,0.3212480857580398,0.4021828259930636,0.4036672455143174,0.30435271294016747,0.25436046511627913,0.08635396548814259,0.1400584781014085,0.36494030642916925,0.18966095931202234,0.4020836422957141,0.7685203306183797,0.7680085591715156,0.3349754313302039,0.4769452449567724,0.04023525426301339,0.038951952564370396,0.4768960664704017,0.6006180313454004,0.3526378216698468,0.7277606723238791,0.7331535465067207,0.46959213951204953,0.3430321592649311,0.04200055324968413,0.19314859080438251,0.6582298152539156,0.5542735559785621
0.1955030455962099,0.5007494731832632,0.6810304713064095,0.42055049103329695,0.18502994011976048,0.039464542063407194,0.8537501366400919,0.40135662355314616,0.5833873766832358,0.9110933022487736,0.33664118507322593,0.40265578938433266,0.7023334872549899,0.824889326119036,0.20867008217837058,0.04545868483563498,0.4925812583923522,0.22449780652440332,0.32801912099368136,0.4899778235120371,0.5164786255035428,0.17644626206029038,0.47932185974826613,0.013527921406300578,0.339739392885966,0.20150092650835563,0.2325010037301129,0.4666156202143951,0.44904895279000545,0.4389855765047346,0.3951862599497794,0.4680232558139536,0.08245219636718537,0.2067537771771351,0.09793440329151554,0.2101416785203913,0.49966632062880023,0.7079247102262711,0.7135142871668667,0.31556529012917917,0.4668587896253603,0.04974853018992624,0.7543966207315117,0.1295914561367966,0.5301344875749252,0.47470475994017836,0.6673862013907507,0.6669652969869662,0.49570638780700566,0.30015313935681465,0.06918192152211863,0.7022978172259715,0.4384249619921351,0.45470342625856874
0.12012767273000713,0.5342953351136034,0.7932585684180111,0.44714896020070616,0.1973053892215569,0.03452342389363329,0.552957799451885,0.3129592016133155,0.7248302770461685,0.8599130603720433,0.42687453779830614,0.46191112202696877,0.550278425799444,0.8357107722577473,0.21060163479243926,0.2684642241200089,0.3980905611384957,0.25817882020006794,0.3321573413682189,0.4436506898772798,0.47194944145823814,0.1695789499933597,0.4677626509118932,0.025811477452954684,0.10484433753320127,0.19706103443118328,0.19989160143596596,0.5524885145482389,0.33972510517050614,0.3459701443841564,0.1566763207863975,0.5319767441860466,0.16163407820603845,0.1479446741112864,0.19435799934040532,0.1481055054625089,0.40560581343615604,0.7697515413170589,0.7692613914331304,0.33481327243897024,0.4063400576368877,0.035394512641794815,0.33816827974882435,0.5488081857074838,0.6024945880570411,0.3680573461915321,0.7437539519942582,0.7478419033454808,0.4600607035160299,0.32312404287901986,0.04832060712878004,0.03613315469897466,0.5939870429325955,0.5739183982723286
0.2399796124698156,0.023521160595352697,0.46689814310490957,0.6353692486263178,0.21437125748502994,0.1567505585925273,0.4347307431350157,0.029085314771958193,0.4220327742147099,0.6618704162416824,0.012822010182568566,0.014502465717529,0.45288989224893034,0.7270044269552386,0.2436496949207919,0.03191608756909836,0.03245751909569655,0.0011083705435896984,0.48689245712396856,0.021898146372840988,0.0,0.04013870728562602,0.48060621628564093,0.09977388698783014,0.05831248606334649,0.0,0.0,0.40524502297090353,0.0,0.0,0.6040817618745602,0.39098837209302334,0.2459527386941253,0.04023019045806747,0.0004111364779756377,0.00042272429607420614,0.3964110929853181,0.02529036281906072,0.02441054507301399,0.2578911324778046,0.40345821325648423,0.16312208077159884,0.0889650217143001,0.005539340155728378,0.0020562213664049867,0.4989943788355422,0.007232834350104744,0.006799476334487853,0.5480681941912641,0.32924961715160794,0.29332974952717106,0.033138361625540624,0.014838689069064992,0.0003313628062922569
0.3116701899215414,0.4925467020772261,0.5353304145098046,0.5011254239852578,0.21167664670658687,0.06472491902107042,0.6673748146181565,0.41884028932464945,0.4083982947165824,0.7994924474233813,0.42446871397221614,0.44171647486716575,0.566061416556092,0.7835710772257748,0.21086977910173862,0.1707142275615376,0.2865399776188778,0.223884577181589,0.4332100130948294,0.596658191779475,0.5787893409371886,0.23502318879653825,0.48625738505009,0.040137414701987645,0.2383653371923768,0.3320009579197611,0.25000137348733054,0.38529862174578866,0.6152614106145997,0.603821885438729,0.3209039687232205,0.37063953488372103,0.052177046456931137,0.2811167874382197,0.38220318452286195,0.3755325840088574,0.5301423698650453,0.7738818642892719,0.7828962335711869,0.3114441239330616,0.4423631123919309,0.03539360735483634,0.7333924709535171,0.16965577303504292,0.6376144390628959,0.3769790108813367,0.590891696967865,0.595394954043486,0.577262637132027,0.1914241960183767,0.0906566128384347,0.6147760080081672,0.2142185262637828,0.3709288741483704
0.211069426224714,0.4440801323188946,0.6312758777217258,0.4106851458973243,0.2134730538922156,0.04280522334941762,0.8295715829240551,0.3583464333958202,0.5391417974494638,0.9543809801350236,0.3319206754830225,0.4202906545130368,0.6341163249772759,0.8514510575504182,0.11101582937986726,0.0797646667820408,0.5725004364967408,0.25696066775427556,0.3918087392094791,0.4897904182956539,0.48505105541408466,0.21640273284730147,0.4711019779090676,0.02374313124887958,0.2919396712268115,0.2290137943320602,0.18854138218838232,0.5638591117917304,0.415221972482503,0.420758705531484,0.3206257491343574,0.5319767441860466,0.09016452402663161,0.29790620569786486,0.21482815711231906,0.2071700058660716,0.521577932670918,0.7237375149914851,0.7320779928820488,0.33845737655026104,0.40489913544668593,0.03928094031113183,0.722577434101964,0.2813206936123316,0.5606676807485135,0.4017327626218348,0.5395294879361164,0.5424722219493805,0.5065735726465903,0.26186830015313933,0.1562028030115476,0.7078845781617189,0.13505015400657638,0.3088705859403713
0.19190180563330853,0.5036684305425924,0.6871100095053562,0.4118585682995992,0.20898203592814374,0.04117999452962313,0.791045614787949,0.43552200967641697,0.5903035027678634,0.8672956433046772,0.2826247101284546,0.3368557264427124,0.5168890244778358,0.8293162813575996,0.09361700087865177,0.06412365472934645,0.4117205359736902,0.16002425555544258,0.29623555436896903,0.4338387412960413,0.4883979307993664,0.1515558865530933,0.42614949910095046,0.02007153525774431,0.3039004600162182,0.20747735677223775,0.22786879386881964,0.5085375191424196,0.3630779487428287,0.35912027674930297,0.28902874587278,0.43459302325581406,0.1327396202247295,0.24157423087021854,0.2540722404348639,0.15083083170366612,0.46099658905531665,0.7508986681045475,0.7525917220459876,0.3452722258993934,0.4135446685878963,0.0401493777886648,0.7547768027551478,0.07875558931821885,0.5809833562140259,0.4248362642462998,0.601792128771443,0.603040610872978,0.48043110969982145,0.30015313935681465,0.1098916291992523,0.7078387203678246,0.3317661506245112,0.3762056158731134
0.21241466899507858,0.4946367272288141,0.6566940145684489,0.45157727690908867,0.218562874251497,0.0631177168092453,0.9001860876593704,0.3571348245074401,0.5543313647638152,0.9336903200738258,0.3823456909199816,0.45163020576846125,0.5290420390673517,0.8740777176586326,0.0880744742352721,0.3551260903310831,0.5343006386033669,0.2754304969001203,0.3336765958528802,0.4732682198712562,0.4978605286597215,0.25020793220525706,0.4025173388132546,0.02712138973652825,0.5299977123571096,0.16338266206453173,0.21691387527541262,0.485145482388974,0.41012951644723433,0.40213546549019946,0.27977619325723246,0.4462209302325582,0.08860249244725271,0.02162672546302863,0.105175920492869,0.18105080102964524,0.5808987097730981,0.7363912888405081,0.7549194219744709,0.3116325173933343,0.4812680115273776,0.03760549016433734,0.6938720891162995,0.23638089448723174,0.608972143801914,0.5024495900159868,0.6449155975500023,0.6443430449477174,0.43113085414823604,0.3277182235834609,0.08789881173402905,0.7027268371918957,0.12415027728783576,0.42498569660712293
0.406497271914506,0.6702012712268386,0.5629765489512204,0.42806015997783364,0.35179640718562877,0.021162791518076398,0.627922315256192,0.3626108783072857,0.36602721998882043,0.2783768031473116,0.5151029663441867,0.5915649351334865,0.6261620770674026,0.23708804722085597,0.09844497061577648,0.3878928660618345,0.5764963469109006,0.44697611768193984,0.5500336905806221,0.6142270495143181,0.5992667065487531,0.21131873320924055,0.6807089648086309,0.008092482777407272,0.3311734648047186,0.24248413132173036,0.2691286178716566,0.2732006125574272,0.5310660911056275,0.5382598707319362,0.31122441444917764,0.3343023255813954,0.045618875165261724,0.15187878056891405,0.35312126371693886,0.32215511516722833,0.33197389885807504,0.7716151631039937,0.7735478879644839,0.3439154532326,0.43083573487031707,0.026647025622203918,0.7979872372457844,0.1365503934040144,0.6126586179547244,0.7377649424990975,0.43284160806319133,0.45869336828008256,0.5412484593036776,0.3920367534456355,0.06949133660471386,0.09202667703314565,0.2766910099638373,0.24491439276468588
0.22498140891202448,0.5317399793736087,0.6627481785376388,0.40358065044515673,0.22125748502994014,0.03893199177869776,0.8910027992311582,0.4301966848358926,0.5482035526646629,0.8085871096216426,0.26051909059507633,0.2922685852366071,0.49597747566785083,0.795868175110674,0.1582420933750888,0.31330837800391315,0.30333085122341835,0.11490443105473827,0.30966728962457246,0.42398285299523947,0.4699224598126497,0.19180748232681336,0.42255330079630105,0.027993375316910273,0.08801511262997802,0.2090446934963027,0.20869340114174312,0.5047473200612558,0.3489880593401459,0.34478184011987756,0.48451671720239253,0.41279069767441867,0.11870940305734448,0.19369251429142098,0.1084109059344241,0.14030452973674412,0.4289633694201394,0.8223659970413248,0.8223600068676057,0.34711185882177154,0.41066282420749284,0.028364893838646193,0.7915302796198367,0.15346791418341446,0.6856632686013233,0.4020937548347171,0.5995794781969689,0.6021501479990097,0.4694033331804298,0.28943338437978555,0.0972802036047746,0.7324985212598151,0.2812667505454135,0.37666093531851697
0.18378021574017595,0.47628412528382624,0.6825070011680447,0.48356735067934886,0.2011976047904192,0.06362924482452928,0.9297117510455749,0.30968136660711415,0.5939512651583452,0.8898198066928942,0.3652865158094998,0.4177393984690434,0.6091913136883755,0.8012788981800296,0.23093592936477764,0.31916071376638655,0.4533054098540944,0.2291346881843326,0.3552258540244352,0.446982507556739,0.4613450728010123,0.1657032002745062,0.4528641150783458,0.024952877261177064,0.1353793372692615,0.22644277457953832,0.18394668810125106,0.5398545176110261,0.36425121979854136,0.3663137744850407,0.41334245358953403,0.492732558139535,0.11018370924618233,0.25050041251525046,0.1716133795938345,0.16041186832813567,0.5256562360966929,0.7397291829691586,0.7484790540196871,0.3225130482877342,0.42651296829971186,0.03908429540461493,0.741516953128911,0.16375822760354924,0.5851528789478613,0.32236604610386255,0.6200794055142754,0.6296821157121895,0.45579658132078205,0.27718223583460944,0.08192237677469465,0.7578785799626517,0.128354106764673,0.41915545208985494
0.24713195912467303,0.5162255129021811,0.6267943953236715,0.4314493569907709,0.2631736526946108,0.04084165389401308,0.8819144853056812,0.3971499539089223,0.508652872638268,0.8913983194909902,0.34160260489461547,0.39789303786949454,0.7489066578261236,0.8160354156419085,0.3129335453171222,0.07441646344826192,0.45621971368398795,0.21340904147068943,0.34014773001767157,0.3978085398618137,0.42570750927081086,0.2523317086360219,0.36116105830978684,0.027732610886658213,0.11477055628573998,0.20658635863869115,0.1673057331487781,0.46657733537519147,0.30905741916446794,0.3009389171896899,0.3299494095932812,0.4404069767441861,0.07962499171320962,0.07993851954904749,0.04784836326144101,0.10843140822786265,0.5480869049384547,0.7088371750504273,0.7216300622971641,0.33220178090951624,0.41498559077809805,0.043210014188589024,0.7123108060016996,0.19324595476101764,0.5518698500641681,0.4399979371873549,0.630423843972921,0.6309382598926584,0.43802924296044116,0.332312404287902,0.08818769677818612,0.7165105619216783,0.15980212536437324,0.4094689375719286
0.2622304292243547,0.4250286735283419,0.5567281186046925,0.44430625340919183,0.2011976047904192,0.06100205000926048,0.7109104060147671,0.33690138295892064,0.4553597810180683,0.8342561561999126,0.4549492490296974,0.4801585323089007,0.5993474824955031,0.7343826856861781,0.14512601904062977,0.2268797437227086,0.35072191504184125,0.2679149357107275,0.37945764521911585,0.63305498380736,0.62837671789587,0.18914853915337904,0.5389160030824557,0.010480527852225599,0.3768602998795547,0.2883581871762265,0.3028851447756444,0.43384379785604904,0.5282793918192173,0.5163043260427707,0.40356580739959486,0.367732558139535,0.05851918819102622,0.11912668914790334,0.12416069246451808,0.2806071861167342,0.47790301052943795,0.6769793309695445,0.6803651695330262,0.3027999344801601,0.44812680115273784,0.05732810210372019,0.7621323504318234,0.10098104978731898,0.4815204576175252,0.31550719405909955,0.5790438684063988,0.5901949220131965,0.5878537525882201,0.23277182235834606,0.13096132340094768,0.5439383828172799,0.22877192405474414,0.37240443432364
0.2955523433126394,0.5191846494991943,0.5710653980513849,0.4868193737658941,0.20838323353293414,0.04038632105881649,0.7719669150332007,0.5048736017452706,0.4400657135526366,0.8757710427898392,0.39397563343497305,0.43759198720690134,0.6770782023850351,0.8219380226266602,0.17749647602337243,0.13916328927480973,0.42736810576804174,0.24140484184136396,0.35541655542418343,0.5337917988608255,0.5425816135157754,0.2206091561538156,0.4613408682250193,0.025183624750986455,0.17944899193066444,0.2729519279955109,0.2409861738866292,0.44720520673813174,0.45879645983566464,0.4477762165027956,0.36263220024370735,0.430232558139535,0.0540270730697575,0.20085066700376217,0.28221897897119763,0.21701645411813406,0.43800978792822187,0.7641324294432216,0.7644851604291502,0.3357244672517313,0.42651296829971186,0.03193640121483793,0.8162873490934264,0.17018275436615415,0.596599408179703,0.4534062193801247,0.6214921962967237,0.6215690387692928,0.5417228139749046,0.1914241960183767,0.07723338980764716,0.5501881955851293,0.33025612770785745,0.3973662466346162
0.2845313792498392,0.6465265665395475,0.6698162398443915,0.5180992068276353,0.23712574850299403,0.041912085005914104,0.8750782189131796,0.4628427082979113,0.508725823867149,0.5564379037350041,0.31100797056993806,0.31308073081717736,0.5619551549236667,0.6089522872602067,0.1651295161432294,0.46087480258449387,0.08013853942478458,0.11132023402079738,0.274133262138144,0.4771870432841054,0.5421949473973764,0.13974363971171128,0.3847932185974827,0.03396112203538677,0.4210510749786677,0.2655365900879577,0.2787964792498273,0.38981623277182237,0.8071994722046594,0.7930939713777392,0.3353732044247576,0.4200581395348838,0.023347115115324855,0.817501980447628,0.6903234392013191,0.6220070845781089,0.4612190419694498,0.7543028318402225,0.7560038605353987,0.3373805938245743,0.40345821325648423,0.03053986487444555,0.48614581828097764,0.11100667130556735,0.5860242883535026,0.20174307668505997,0.4733534497109428,0.5093373929862494,0.4227047319130481,0.2986217457886676,0.11490971188340594,0.7414220238057598,0.10310759137244191,0.3062012727510293
0.3284481245978894,0.5693389641631073,0.566926909312268,0.47247379921579324,0.2446107784431138,0.055631151360917536,0.8508070178255008,0.5118657044779757,0.4155348226431851,0.3631550828112099,0.1811117999542179,0.2823049385838587,0.506812090708061,0.46335464830300055,0.0756416568287584,0.23738117161679134,0.059289035609894764,0.13932371866059043,0.28157697344165167,0.4919560004341424,0.5492521139303187,0.11829004443239689,0.41638838941690215,0.0353486213275958,0.29625574486113854,0.26071364175118017,0.2799034419295874,0.3354134762633997,0.6561737248708783,0.6487300504881169,0.3258499585113998,0.3822674418604652,0.052051024212837686,0.42953572579949884,0.6020877528575208,0.4340890506765993,0.5279549162094024,0.8766801680325957,0.8844049531039656,0.34643424658164274,0.41498559077809805,0.01645463072518978,0.7855239029700137,0.16678011038662865,0.8019381200605655,0.20530142849775662,0.38774907367568306,0.42969480135614324,0.2718196951184435,0.28637059724349156,0.18293380373987625,0.7637401813286584,0.09690899000279968,0.23065236088059682
0.15832086964513994,0.48364735213039983,0.7185047418001272,0.36825462103662115,0.24401197604790423,0.035964326054421215,0.9572723078475234,0.3151810769540224,0.6392131184086947,0.4283233765602992,0.16891768238803037,0.2336514026598583,0.4928398882262722,0.5125430398425972,0.148113703428365,0.3149855049268856,0.12341675700677668,0.09175869240051249,0.2883023761394408,0.5385746527910066,0.5854175476240984,0.16718593471587923,0.4068841510403288,0.02517389966911005,0.3671341454526753,0.3037383324315967,0.3047407719757314,0.3444486983154671,0.5844424432652675,0.577287843041192,0.3178979918562544,0.3880813953488373,0.05061757118223771,0.4586438631225611,0.5507949129805609,0.3501845747150539,0.4569924366009195,0.8246474195515516,0.8259374383882957,0.324306504277485,0.42507204610951016,0.02540420383956938,0.7970383426728243,0.46284074114349216,0.6935260272585717,0.4419576092001444,0.544284318480279,0.5448982494745918,0.3953164725932836,0.33078101071975496,0.10771872113820155,0.7353505391782922,0.05598478523724654,0.30907445459688704
0.2790167194458602,0.5694817279840289,0.6228319697041226,0.3964391783835369,0.25568862275449106,0.03258626837661609,0.8618372664387323,0.5294285191134954,0.482895757253944,0.4344188644421778,0.21291417119616424,0.2642598717145055,0.43393588343975864,0.5425479586817512,0.06815600802616467,0.2806563436805275,0.2028742723286131,0.10600281096979447,0.27276021205995643,0.5059330694024907,0.5678084927028643,0.15627034862224515,0.3937837143591061,0.027413022270125036,0.1820170437118664,0.29671137254192115,0.29940008372069016,0.30995405819295563,0.618222360115199,0.6152273818209519,0.3128514219932095,0.369186046511628,0.032175134189468525,0.2956171346914834,0.5294139818525296,0.3987483816696201,0.411278362746552,0.7881575318547855,0.7877378777349962,0.34523330134890245,0.4063400576368877,0.030201365932129673,0.8363660892753663,0.37402203213337704,0.6306787779532839,0.4339642102006085,0.5255803997758819,0.5266106520129762,0.4706254160127966,0.333843797856049,0.10978600328433849,0.7227312247575712,0.34376473026858395,0.2899659633967672
0.1853427026846366,0.457125601230744,0.670613591365749,0.4105775041424143,0.23592814371257487,0.043493260122520555,0.9401724869884953,0.31834995030701563,0.5849011413029144,0.3691412890378357,0.2233056710694336,0.30795746473751284,0.4289339472022832,0.48057058534185937,0.11462716887852234,0.3115182468534226,0.0997685841955881,0.1526491644988583,0.3163164117624623,0.5557440775355079,0.5835408006958895,0.13146011587453132,0.4207552016439764,0.031217658612729703,0.31079849386040187,0.3316156010912332,0.2890794736368899,0.3947166921898928,0.7169304337030447,0.7037038433637786,0.3111016283158817,0.3357558139534884,0.03138767565875437,0.48501901890625465,0.5558723631911682,0.49768838308575225,0.450652528548124,0.8696898461949665,0.870568823304531,0.3355239116560477,0.4121037463976946,0.019085239655634377,0.8242992627967602,0.46356651385296777,0.7666425732653006,0.3741426434944045,0.49628461264883955,0.5020046822298008,0.43211342070019754,0.30627871362940273,0.16157055453196356,0.7446123988731874,0.09652370703639279,0.2692891394972197
0.4340371487537705,0.7255409979426628,0.5845845930843523,0.4349290933727441,0.31766467065868265,0.01479581086466598,0.6902719594579557,0.3731693618396384,0.3638801732179529,0.380907280586721,0.38050194381557256,0.4310426559531456,0.6851478398757218,0.37776684702410235,0.23038043360014376,0.2842453977744754,0.35007212407788874,0.24044424103849144,0.5230621559428913,0.6218153364067034,0.6020571376602714,0.23028877651087196,0.6963781145646032,0.010862617724403507,0.296177898003055,0.23794493725383623,0.2675267380030603,0.23736600306278713,0.5378346076231679,0.5540189805337279,0.33633160629695863,0.25436046511627913,0.04530478770250035,0.545347437904093,0.4548903988254473,0.3482870884088996,0.3933338276731425,0.702691740041421,0.7021539983342205,0.3484580481314712,0.37463976945244964,0.0501213203984185,0.7904573741486489,0.21064214222580402,0.5058685002824603,0.7411170130472899,0.44348709784889834,0.4694729284826077,0.5485156902774571,0.4594180704441041,0.07303282334239393,0.1970061652116201,0.28057569136669136,0.25560961189395426
0.20386694629891125,0.5471650368550635,0.6974044587914705,0.43240100518412317,0.24341317365269466,0.03497934037832878,0.9128430358275315,0.40492891910279916,0.5874736982996149,0.5978192238573996,0.3068364295703003,0.30368358127722317,0.5816239768615763,0.5941957697983277,0.18639104204959378,0.4572723547423549,0.0727605918478714,0.10203863175323866,0.25192290578079507,0.537866563893845,0.6108250782659014,0.16747324410454242,0.3881325455946571,0.021844112529935164,0.34100755523948617,0.2772894179809017,0.3473076282991655,0.43131699846860644,0.6862715614653805,0.6725510881011015,0.3472563772261117,0.3997093023255815,0.029081655661503003,0.6105523421101237,0.45801227674522044,0.45632025146650335,0.3727569331158238,0.7468733711850397,0.7467216923943292,0.36875934403609467,0.40922190201729114,0.03509309587999784,0.6372957003893481,0.4079184121541051,0.5696074810539505,0.3066886700015471,0.6246815610047327,0.6360835660344721,0.5224047067412598,0.23124042879019904,0.09842069777896423,0.7721506541373495,0.15552602188348885,0.429595155778203
0.2435390747069292,0.5388984754449099,0.6448319047030058,0.4173771171966983,0.2517964071856288,0.0307691495892363,0.8626546798196093,0.46575323093329307,0.5226117766313477,0.5604934673854971,0.19645419752649107,0.2005831820698325,0.4096467347258059,0.6055090998524348,0.15468136310086802,0.08343390029442649,0.09718150394319044,0.050952126960652044,0.1936509147310474,0.49491998073720034,0.625378629255947,0.1531548017458622,0.36552787053686103,0.020460793669460693,0.3710684101361283,0.18793084605656316,0.40195253206904946,0.4096477794793262,0.6246635119424679,0.6119696811086006,0.3451653896504301,0.3822674418604652,0.046629278328158906,0.31742441815178624,0.41673284498046304,0.38363733484024126,0.42625685896485244,0.7615442956914922,0.7614546455323585,0.33074927061553244,0.41066282420749284,0.03409707878493931,0.8190783976315574,0.3903083791203764,0.5915866990827421,0.4372131401165489,0.5693134121570265,0.5700719498637135,0.49856109262850085,0.31852986217457885,0.09517566789452442,0.7022713847060726,0.07221215055641336,0.33712772013223113
0.23585197316198891,0.5450812267437817,0.657779615957111,0.38356680021087913,0.251497005988024,0.03371580086584916,0.869004534610424,0.4752801823821561,0.5366441217019394,0.5690295789013551,0.16525265669303046,0.16850123925130717,0.48321343896333907,0.6089522872602067,0.12454131540049002,0.14577158947844543,0.011205518859242009,0.037497578644182794,0.22404871785092229,0.45048943791832896,0.5629232631428953,0.13193094798468757,0.37349088106858463,0.02933396969424543,0.32584219486927135,0.2156516847097757,0.3273267074888565,0.3817381316998469,0.5952326836661084,0.5843017982991436,0.2940008871573176,0.4098837209302326,0.045824332593188896,0.27404425632985,0.41643395527714744,0.3541049412235887,0.4820183894409017,0.8060049112059346,0.809209046192904,0.33222576757173505,0.4063400576368877,0.02832522089089023,0.7961770002367433,0.3992009142053875,0.6698955407500956,0.34877004796039396,0.4936555875739875,0.5022372652850428,0.5089959214493126,0.30015313935681465,0.12524556697283415,0.6461439376496215,0.1079499303916304,0.27225146051268534
0.2441239628679573,0.5591130538589055,0.6566998390567711,0.38782650966636667,0.24371257485029943,0.031804950706066634,0.8832282136568467,0.47204591801961554,0.529711085575264,0.5418791587741026,0.20799921094001653,0.21649694958823257,0.5213928939578275,0.6040334481062469,0.08196921934379797,0.12467245188008244,0.20619872315153037,0.060053604391645726,0.2366540803742832,0.4714298619857351,0.5681768440921932,0.11945637002446235,0.4035448240431544,0.03167887666859412,0.3678911907948086,0.21793678975311379,0.32260204079188776,0.35214395099540585,0.5181436870291017,0.5113391079902488,0.4128747830572622,0.29796511627906985,0.07320724195386169,0.2736246760927784,0.47963924541493025,0.280674308758136,0.48450244698205547,0.8108147877946423,0.8142222060882511,0.33744501693609064,0.39625360230547557,0.025406150464164716,0.7610370255209133,0.1096567777774502,0.6782046038286875,0.26084265896549935,0.4402645141950693,0.46502353559111964,0.29139688227468585,0.27871362940275646,0.1305622250809925,0.7579523929127914,0.10421298104891918,0.2501830792465472
0.35268756109992394,0.6729432780479907,0.6180565898731746,0.4772951320795617,0.25538922155688626,0.02798255208184782,0.834230921637519,0.6334993735273071,0.43087342344095836,0.4312982660644033,0.2544652524689557,0.30016496438378415,0.5258357344542807,0.5125430398425972,0.10198783500995033,0.4066541696114414,0.10879934375298964,0.12760689832200792,0.28581054451606336,0.520084015629909,0.5707622444183699,0.18595736771040972,0.37605959414333423,0.02974835150123395,0.7330630776182141,0.23357781186347243,0.2943387184956481,0.2750765696784074,0.8098323765547814,0.8075421564775671,0.35511248851690425,0.3270348837209303,0.02684152359150844,0.7709371719630005,0.6466127418268537,0.6613339923366174,0.6787779919916951,0.6710780382415071,0.7186583089968357,0.3602899420876815,0.44524495677233433,0.03372606180038491,0.6196872274390278,0.43614484747081195,0.5944574887206594,0.30173791965344743,0.5050174097417945,0.5198486071094578,0.3790673699671657,0.30168453292496167,0.11236083369400415,0.7527192864381376,0.2325238980743493,0.29699667000005886
0.40415771927039384,0.7599218477965306,0.6408399024491134,0.4725661440574134,0.258682634730539,0.027108176767669148,0.7526366773233499,0.7976403131696181,0.4146007884536799,0.41854873961824274,0.1703327033550453,0.2404433678237269,0.47973536851286175,0.4918839153959666,0.10225631771143003,0.22650914875605704,0.0776749742159295,0.09799905934662848,0.3033614300062295,0.47269972452884823,0.5169223345069985,0.13843377450070687,0.39429745697405605,0.03491783557801045,0.23846740907649738,0.28498299563683105,0.24433000177441438,0.3007656967840735,0.7109465674609465,0.7070846799702826,0.34989600802322074,0.3037790697674419,0.030880523352597243,0.54850838859045,0.6660006430315408,0.5140645821276306,0.44097582678333086,0.8048293016230357,0.8052906180606871,0.3427864679186749,0.4077809798270894,0.02758858339537729,0.833147307822316,0.30718982070097345,0.659387514960188,0.45680986024444326,0.44527189921546395,0.44549801404828415,0.38861766638606,0.32006125574272587,0.1457741423152413,0.6759234085577382,0.1888428893953828,0.2100248835122134
0.40849424720715904,0.7110001227219909,0.5951140451828634,0.44799288814123084,0.2502994011976048,0.025005200515203347,0.7958883368061087,0.04183892580615897,0.3839979046562097,0.4679319053863713,0.23237924969631774,0.26506888733741996,0.5174455187416159,0.5081160846040335,0.06873743891759079,0.2839009555995598,0.08116234002814576,0.09798709577243311,0.33574888439681144,0.49753455203380337,0.5189021148428613,0.11749371059640801,0.42743385563832526,0.03888472761627049,0.331073732712695,0.2965441758442161,0.2310413255607353,0.36094946401225114,0.7267060456669825,0.7154821379960741,0.3463703836974373,0.36627906976744196,0.0265177561224235,0.788986836750831,0.6239984766886945,0.5158732049942634,0.4101660981758861,0.8403436595790654,0.839932437612686,0.34574606797010704,0.4221902017291067,0.02159344767447412,0.8440992468028852,0.25799686823430934,0.7134472048576708,0.42891031922025674,0.4244468992528355,0.4261747087295389,0.42413253809941126,0.32924961715160794,0.09702242891863891,0.5411863372705814,0.19783894598584728,0.19434709803710676
0.4242778720097593,0.7244640395391531,0.5922965315145485,0.494141023304839,0.24071856287425153,0.025430324440509983,0.7532250720126755,0.07876835996812181,0.3736867909257483,0.3977487979017922,0.1748701193763408,0.25625333975904974,0.42845911413675336,0.47663551401869164,0.20893311887466814,0.28202867680135885,0.08549868771406344,0.1126436004660458,0.37973098389208837,0.5120630375390675,0.5112124781511557,0.13597130106899097,0.4446442332391472,0.03702352543029254,0.08664561723350447,0.30930402925733597,0.21007292773898706,0.3325038284839204,0.6470669369435416,0.6401652501064428,0.3233487736627981,0.3895348837209303,0.038328373838168846,0.5467942198797633,0.5234099730818369,0.424116634868826,0.5059691531959069,0.8664440368042211,0.8716908128522722,0.3309082923389293,0.42651296829971186,0.018122061960642186,0.8269570160103981,0.3201036190541388,0.7758773282517161,0.38858233200969516,0.290020469945268,0.29756853936094274,0.3548298779163388,0.32006125574272587,0.1746117181473671,0.39563134870943234,0.0795225613582653,0.10271680644829292
0.3337789624084023,0.7193071478856417,0.6735552371541138,0.48287313860494113,0.24281437125748506,0.028293304569323885,0.8622687495640691,0.10674725717940967,0.4779652567106242,0.4135824955073097,0.26006572584262755,0.31315017690501346,0.49219609833605404,0.47958681751106746,0.10880453764267704,0.4008546534271317,0.10709778767994263,0.14100956622103408,0.2969665764013374,0.5005250059299517,0.5458508549210609,0.13818843401602254,0.41125096326740307,0.03166654888992609,0.34927071461868797,0.26058920041779343,0.26901446125800393,0.3992725880551302,0.6534842267606975,0.6408278018258584,0.32271991890742435,0.369186046511628,0.043184451043160876,0.6728759495763799,0.6465375892933852,0.41804733096790525,0.4395669583271541,0.8036423792657366,0.8040416955040828,0.3330723934128237,0.4236311239193084,0.027384209209967102,0.7617730850034927,0.372898643395403,0.6572849534159027,0.22391831261925627,0.4052066674262236,0.4407237243490922,0.29857973351009065,0.30781010719754975,0.12634214824864393,0.6643540662201022,0.046529265799268804,0.23590803002025643
0.3152714298844428,0.6432008798387083,0.6342855968133686,0.4884847466772805,0.232934131736527,0.040359053152396754,0.850088037419329,0.5380833382303631,0.4650647812546975,0.3911676137743455,0.2719625473188207,0.3338634683776932,0.4647709193529026,0.5145105755041811,0.11385396605915128,0.419368188565402,0.19428507207462092,0.16185094895482866,0.32841959393315273,0.5471098254871029,0.5687956017566812,0.12314989316572761,0.43745183662984843,0.03293451976441789,0.17176891554091606,0.32837486291603085,0.2718717065303458,0.3016845329249617,0.6394593123731735,0.6372656830780586,0.36574344452846275,0.38081395348837216,0.05382068667332267,0.5447992384403199,0.6340009698483167,0.426335195699429,0.5135325522764348,0.7709417330462331,0.7777379445683166,0.3541337184404681,0.4322766570605188,0.028694829373614367,0.6603964429973883,0.1478202329250498,0.6264495247145934,0.36888247124954865,0.45541481868189804,0.46225834762924667,0.2546163624370637,0.3476263399693721,0.17172902376821342,0.7403183258355774,0.04465098596034553,0.23145262246818354
0.3369707806585841,0.5639889906348186,0.5537406551354833,0.42278163648222117,0.2724550898203593,0.029955095563056505,0.4762923331692366,0.3966805931882982,0.40236378818348373,0.24326096459274366,0.5359579798782457,0.6247376084845706,0.4933199269867217,0.4028529267092967,0.08186068548534157,0.2935504746744632,0.5958649454863362,0.5050313444036076,0.5414711977319246,0.5480229293846581,0.5319569294516852,0.22207090622487063,0.651425635756486,0.01774773087122692,0.24443876957639857,0.14871531830480494,0.2149048642333528,0.12679938744257274,0.3994073401675086,0.4736564097256286,0.31434070314577417,0.22529069767441864,0.09640139969977257,0.37898374224519304,0.23340502785680162,0.3114635365247626,0.4096841168619309,0.690273507481661,0.6897904261987876,0.32073239344715426,0.4121037463976946,0.03796421251077906,0.764070283557718,0.28342637740626353,0.4890738377081348,0.5806817595791861,0.48814068775089114,0.4904808583324442,0.5717342277720225,0.26339969372128635,0.06271483586997752,0.19713860313187392,0.4141153917207281,0.2543802093111951
0.3578596435524436,0.5900311798075194,0.5497071481130987,0.4642406266808441,0.24011976047904193,0.03509329745771855,0.8304381586889114,0.5404688016410142,0.38687084033811314,0.35849239885375683,0.25482462743699663,0.33755219196014985,0.2985612652621702,0.49434333497294647,0.155088339882535,0.45656344464038323,0.2122324028101842,0.17611649579930938,0.33436312089197395,0.5031195725716402,0.5248320175941276,0.10670014969930294,0.43976367839712305,0.04229064609869612,0.2663551106286931,0.27204279213888943,0.23588133069105605,0.36657733537519144,0.6620279652267224,0.6513003489214821,0.33200115072102165,0.34302325581395354,0.049545415064341264,0.6513400147059518,0.6292343590752347,0.4332345490207112,0.5355183152899303,0.8229310187323498,0.8321761038457296,0.33897030322416855,0.4394812680115274,0.023185013469419643,0.7187571292106535,0.17672307954385766,0.716391193418519,0.3928626682481563,0.3685073653756192,0.3739605744812221,0.16582818222592882,0.336906584992343,0.3208558265507963,0.7065663647118002,0.06438370644376515,0.1547131204318844
0.3223485766328824,0.5565220746895497,0.5648919345129219,0.46750040135345156,0.24910179640718566,0.041851488292579855,0.8541573648086611,0.4694422772309218,0.4183350779733207,0.35758171839331676,0.2691578016914661,0.3490574412171463,0.340712129381227,0.4830300049188392,0.1176621257333846,0.4271947832454372,0.21443704927286866,0.1845219114717532,0.3000177987973098,0.49339554473422087,0.5374709062055303,0.11813111801098874,0.41638838941690215,0.03686687153532644,0.27189866302126753,0.2753583073576714,0.26111772730745847,0.37055895865237365,0.6980597988542131,0.6865002029683921,0.31502414070036866,0.3764534883720931,0.03918987439639552,0.4655516216910125,0.6193041996551618,0.4770115933399801,0.5235058579267389,0.8043532086045178,0.8121422759368301,0.34213016317864087,0.4221902017291067,0.02493570999250482,0.6686315409036079,0.16093130500002334,0.6817692007412595,0.3695528853591872,0.3991722254483997,0.40690692467395084,0.24886869120195423,0.332312404287902,0.2315687785156315,0.7368999973013086,0.13471290326694957,0.1829996351310428
0.40348092011263276,0.49976921448863193,0.4351624718791987,0.5220320858661823,0.2140718562874252,0.04435739742092582,0.4194139626597979,0.4666794633990804,0.29778094815080924,0.5260211763563067,0.24208961882622945,0.25326032387719377,0.3393083744222716,0.6379734382685687,0.2140854736102657,0.28191072826218344,0.142134214860758,0.08042120174515949,0.6672324141525865,0.5377646675620138,0.5767534726156095,0.2487703766634722,0.6570768045209351,0.027409543646431958,0.5265631512572887,0.3514661975495237,0.29132741031109477,0.08476263399693723,0.44402428485842216,0.53225482606147,0.3771189051485343,0.18168604651162798,0.10788642566988035,0.6641504507834458,0.18357059879864546,0.38906108807079,0.8170324781254634,0.38998803666389237,0.5453155468454902,0.44109455865390995,0.6671469740634006,0.03830506755270188,0.5748506593202894,0.5468062403813081,0.4591686623536494,0.677169821051003,0.5958737962111791,0.6063845195495989,0.447787896938225,0.32924961715160794,0.08227725290040591,0.5665256215620162,0.20646792306609005,0.391213923098282
0.5392251067420895,0.5785459865532818,0.3643666316597217,0.49703831264004883,0.34580838323353297,0.011337408324035805,0.4155682651477888,0.14694473236189107,0.197929196040533,0.5669775122638302,0.314008282538332,0.31437041043978026,0.4787710654403458,0.573536645351697,0.05591780528685189,0.4108437354754371,0.09063620394783015,0.1110649227750187,0.5650228206008365,0.5997861988737214,0.5887624442871563,0.2581042435135596,0.6241972771641408,0.01620700203742459,0.2499897885104028,0.15226898251960508,0.26354996041827067,0.01741960183767227,0.3528235941721494,0.5020070133157921,0.36146167409015545,0.005813953488372103,0.03860615591031314,0.518296427898967,0.30845988951677833,0.3984331557828845,0.6876761085570221,0.4544136512623185,0.5250774457729355,0.44359737412052513,0.5864553314121038,0.05093764847074479,0.18563565073793625,0.37675222376575895,0.3611293599295085,0.5416946005879015,0.6651089543082833,0.6651296903782634,0.4373374582099129,0.48392036753445633,0.07603660322698627,0.7552711165207615,0.23377794599083102,0.45267306068524604
0.4929771642950844,0.48783999742981493,0.3315797701764427,0.5776680122576849,0.3098802395209581,0.036440980709892865,0.35018572798740877,0.20533074480583846,0.20261310711697422,0.5807834280441012,0.15537945189013203,0.15620926974065585,0.43514473663401926,0.6719134284308903,0.06678678019984545,0.1799068348248757,0.07456646160676095,0.0320590182478373,0.6554597810747931,0.6066559702043874,0.6328162341584221,0.2275563088515433,0.6491137939892114,0.01892248086638735,0.42464438166799695,0.32852240488608636,0.3324639717514883,0.047166921898928016,0.37702441205346,0.5007648992542422,0.25740429769094264,0.1584302325581396,0.03834242803711569,0.5640244928192688,0.39085907574225187,0.37897956939980737,0.874054575114934,0.3828693499738882,0.5785039117971162,0.46565456598629046,0.6815561959654179,0.04094251194536128,0.37847471119321197,0.6217684294196327,0.53877725230123,0.6067247692228352,0.4178757767702367,0.42309847758926805,0.3773675901351843,0.4165390505359877,0.10091263564798797,0.5618640190022235,0.1248298492768792,0.194679301655663
0.4483251309731703,0.47044117748102926,0.36525526610702086,0.578147501448408,0.3197604790419162,0.06463284946249542,0.6088131005223504,0.0721919132262801,0.2395720783169523,0.4578658506969741,0.1937113558862727,0.23692703237559995,0.4914428240625051,0.5361534677816036,0.0817171524441222,0.2681549616279987,0.21343518119031596,0.08548656342879468,0.7680626009128241,0.5033367501153999,0.6263689293791795,0.22049664301047728,0.7138453634729001,0.022275705209148382,0.4041393492776312,0.5479750740222253,0.39803369255091503,0.23227411944869833,0.3573956568840487,0.3890898059884462,0.4515243397752956,0.21656976744186052,0.09577353109571425,0.19014189325130698,0.22868207854783112,0.19935403880455943,0.8949280735577637,0.45804668121999603,0.6453688707197026,0.443292971050609,0.644092219020173,0.020509788271767374,0.9793236181194661,0.6492090746917893,0.6365537276419438,0.6366871228920633,0.2869775414556586,0.2995799496585474,0.5344932821627439,0.3491577335375191,0.04704129389104715,0.13663566605161837,0.1595529245854674,0.10699092964839271
0.4130145971373902,0.5362930207669674,0.4513316689561107,0.6308080623312851,0.20299401197604794,0.062333061505740125,0.45385487617334463,0.5284604728442809,0.3008079132714705,0.5961678566224683,0.1796750174298905,0.1772776577465911,0.4654984934414756,0.6660108214461388,0.07029216557113256,0.18151264767928355,0.034611803031734195,0.0386915788435431,0.701876501773523,0.4599413229065093,0.5342609127566202,0.2650680053158193,0.6480863087593116,0.039477080384348134,0.411907733130342,0.4189843779035915,0.27777793841564036,0.12266462480857582,0.4032484825135492,0.47895951322390884,0.2548979183381065,0.19476744186046518,0.0474440847481008,0.14575376048395383,0.2999096372789395,0.3182615134590174,0.8442088091353996,0.41721544799830734,0.5827548453064254,0.47130539095472185,0.6729106628242075,0.042899624312023536,0.899923794487229,0.5825326932844888,0.5207553421432958,0.6238976844928059,0.3350543886079983,0.34396954107802413,0.39404371666187066,0.4012251148545176,0.12554085095358175,0.17912859976389503,0.14473137092534716,0.13485060360561907
0.47795389410182065,0.5985303312848309,0.4361507051796521,0.577859261834317,0.22395209580838327,0.029171916769477127,0.4698426842208201,0.687108446076857,0.2597872572543011,0.6657438438000873,0.19285846961296144,0.189311488671109,0.4844346614582344,0.6773241515002459,0.07699176180627056,0.1412237095907026,0.039608772339819964,0.04296943726867555,0.6521606468591479,0.5011579867946222,0.5342527731005053,0.2547369996240994,0.6866170048805549,0.01664862487202515,0.44286852734574306,0.32209269193126777,0.2511345127453023,0.12320061255742726,0.3250865639787679,0.4156781524037458,0.14796860781668145,0.17587209302325585,0.11433045054802597,0.39333085338511614,0.14564337119539758,0.2629365558200728,0.9285926145632508,0.4606567006298816,0.6695472915616197,0.40720154990017104,0.7161383285302594,0.009741868749858204,0.7644386219125623,0.693465035450436,0.6966956439773433,0.5611366097674179,0.30270547308366524,0.304842396629174,0.45243868315635327,0.4042879019908116,0.0454716185555223,0.21903013194660986,0.18795600960281814,0.10399386958114792
0.45546912208287027,0.49068872468537966,0.3725033890626888,0.5705995090773186,0.3035928143712575,0.042960931414526185,0.3307186742061051,0.37045767535237145,0.23941230454764256,0.5751736364077905,0.2654971151449217,0.26520931411940407,0.4448601552829082,0.6227250368912937,0.07165248798022145,0.026127099304329715,0.12187064296512454,0.08107213439930785,0.5862415296794945,0.6448920362892695,0.6392456800953865,0.26053636359918286,0.5217056254816337,0.014502138110945974,0.4010700035100271,0.5355329945636033,0.31182004896947346,-0.009341500765696842,0.4811902208459817,0.6141267689888981,0.33409660198162117,0.06976744186046518,0.05143913754818915,0.35485292159138826,0.2978381667160256,0.534919779973084,0.8248554056058135,0.44383858465919224,0.5905186490471365,0.4102901410171018,0.6858789625360231,0.04455057160547192,0.11465734681873857,0.5570903898527557,0.5155942277998257,0.4179258418854107,0.527827752880957,0.5297442966674969,0.5298146247184368,0.332312404287902,0.03750804377152676,0.28297269839167827,0.3339582386826012,0.2940839351254698
0.4708266140824358,0.44837239928832123,0.32495765660098763,0.5812335035038163,0.2796407185628743,0.03765724138484936,0.35656938134606153,0.07399333235109135,0.21000660396065665,0.5941765020156394,0.10092788828427196,0.10050335767240198,0.5473486450047911,0.6650270536153469,0.10661479752114586,0.1290170442823265,0.01579010726196256,0.015039964294973118,0.7159947620682202,0.5909225493982952,0.6567597979436344,0.23690035822383496,0.71435910608785,0.018391682266936715,0.5198265069498166,0.44649958497999237,0.3876481144215905,0.0729709035222052,0.32025154962810576,0.442651697982757,0.2511528819995259,0.19912790697674423,0.08629760313606717,0.3302751158333169,0.242234670137448,0.31123968831950816,0.9346359187305354,0.367763402923291,0.6121798967578882,0.4223022567535335,0.8242074927953891,0.033799000999214346,0.6826262776704218,0.7014096627672415,0.6296452284545966,0.6575731009231086,0.317925116740437,0.333151680744201,0.4501338908050179,0.3935681470137825,0.06027083844149893,0.3037643485650392,0.1837574779417122,0.13133068900635436
0.16324228574293326,0.3667580426619632,0.6574576016018444,0.3782923098515564,0.19970059880239524,0.07986013258089596,0.762363902203117,0.20211331747137892,0.5949075543310894,0.49633299334596137,0.453769784868656,0.4641827819500391,0.5592012363970935,0.6335464830300049,0.23621165040897746,0.8063505886304041,0.10199106148031223,0.23890042952797114,0.779441117764471,0.26376149541732286,0.4761329642445762,0.3196786227831716,0.7302851271512972,0.11477306361438294,0.17838243787177294,0.5701507699550292,0.29187982263624546,0.25792496171516077,0.3490509792491006,0.3718033819555681,0.23571552150361175,0.3779069767441861,0.14854008880645986,0.19689563502402974,0.11186604865133032,0.17895181682955857,0.670176479311879,0.4809380093742107,0.5407984523795833,0.4518270059250016,0.4668587896253603,0.052374629822103086,0.8015421449836242,0.3537469225784448,0.3696391906344334,0.32030323345882106,0.5057311257842293,0.517800804785242,0.5713219327448363,0.27871362940275646,0.12086967149506814,0.576051797737139,0.24782420939870597,0.2919488339685227
0.40168447790376083,0.5982887933912605,0.510205700266919,0.4493352971678656,0.26916167664670665,0.029101331023332247,0.4198822263007692,0.2833222651859217,0.33885917031117946,0.2546262567390354,0.6280311696695373,0.7011146580581169,0.5125533336337683,0.35120511559272016,0.09264379257583451,0.35921194990072336,0.6850354847287636,0.5986571200375748,0.5553669730602488,0.5061856596000855,0.4942267802125029,0.22589277586136708,0.6329309016182892,0.017238620007085363,0.3112447425799668,0.13345061261908597,0.19025140225618267,0.20336906584992342,0.47861321236691473,0.509828431438549,0.3438197182627985,0.2950581395348838,0.0822265679688378,0.1472754929889413,0.33875006941949676,0.314438059549646,0.4952914133175145,0.6106509731798837,0.6165132175591588,0.3422601167544125,0.42507204610951016,0.06464397312315802,0.7098905996132078,0.3009789557194483,0.402570469638961,0.5533494920323861,0.5199678917085164,0.5206393148743167,0.518537065336672,0.35068912710566613,0.07774205295079539,0.23091495973906082,0.3994586868455168,0.2832218779316248
0.25992429876087264,0.46809844842745185,0.5831949820587994,0.5172167674804307,0.2002994011976048,0.06696321107808925,0.3465218331330875,0.3612601564064239,0.47257224609720166,0.407487007625431,0.43868490957353085,0.4738783032840058,0.5851049888168477,0.545007378258731,0.13963336256250078,0.6387595073436446,0.38034354159191847,0.2703925467034526,0.6653444702950786,0.4616395716108921,0.5079142603893833,0.22125572342369312,0.697662471101978,0.028673774309960917,0.4578492553742434,0.34778676643665063,0.23844159352252364,0.17584226646248088,0.4585873678896921,0.5022604358259252,0.3466017596377722,0.3197674418604652,0.10186390330644446,0.3254499357354538,0.23577680323722477,0.317321679954809,0.6908646003262643,0.4011415144202286,0.48085159679451767,0.4950343169967142,0.5417867435158502,0.07540158583312112,0.49124619776182843,0.38094386762615945,0.3182583929788568,0.5674281883347945,0.40218164211308555,0.40410357822918047,0.6078309722384068,0.3032159264931087,0.12170814310631245,0.16913574936794606,0.15169234634621026,0.17593027294630684
0.18029595340948013,0.47097801419475716,0.6841364515604647,0.4113485801216604,0.20568862275449104,0.05080582949731243,0.276886818079235,0.45924189979947183,0.5978870852475011,0.34043664092476567,0.6520602558401841,0.69402188233488,0.45948041517881244,0.6305951795376292,0.06562436386599031,0.5715438475668492,0.6590227016851882,0.5490438965786522,0.5199092261337198,0.5844645123830681,0.5644558035971411,0.1551004502984059,0.674544053429232,0.025197944053351046,0.3528716199701486,0.22691436547899776,0.2368120906628285,0.2663093415007657,0.37345652073956215,0.39137562452924773,0.3005475641229306,0.3633720930232559,0.11842399764107117,0.11281005123751942,0.238780812644587,0.1915936494873234,0.5533886993919621,0.6286869644405515,0.6440837088467232,0.36557499901479956,0.48270893371757934,0.03308362355939952,0.5585709152427569,0.20021578118005562,0.4490343116678304,0.47455004899180026,0.3345302503828295,0.3343357870849966,0.4643053205918663,0.28943338437978555,0.06319207818698562,0.21960899872052336,0.19815917513746367,0.1218759772808867
0.3610180396219951,0.5510846299520371,0.5181452922504253,0.4163000815485183,0.36227544910179643,0.03618071277920653,0.5020758528931677,0.42829898025466095,0.3670293536526261,0.28024673369274855,0.5076323099137487,0.584263913176179,0.5450825706628118,0.40777176586325636,0.11885935942974532,0.3240971289025084,0.5367280822381069,0.43797765089471113,0.5357755825927762,0.6450828610067307,0.6270851329311266,0.2211630895939911,0.6624711019779091,0.015553753888039274,0.26591981084694605,0.19993841988100716,0.2903943144810876,0.17706738131699848,0.42849422766078843,0.47505441138438403,0.3097376382047736,0.30232558139534893,0.06718331195287044,0.15034240499150348,0.24004802742764175,0.29117520388429496,0.4437564882099956,0.6655574255683,0.6662918659742869,0.3197941374123325,0.4178674351585015,0.051748628855009346,0.7744949846658877,0.20142751371717782,0.45933946596527986,0.6223505750090248,0.4665136864492967,0.4727435130028244,0.5063209126416073,0.3660030627871363,0.05494956915101472,0.13324720582982152,0.2155095626564367,0.24078600454829774
0.45063126143665244,0.770599682537232,0.6103679131395707,0.47191261917812816,0.22185628742514973,0.019909841666461956,0.36568167357555215,0.8357779229530378,0.370943531277955,0.36832774782650923,0.47940793305077156,0.5247268346057825,0.5462891793098023,0.46237088047220865,0.11640426150203698,0.38343091028438336,0.47640618100720356,0.3343018692831293,0.5653406562670836,0.6014700546593469,0.5905031263458019,0.2454568166262206,0.6611867454405344,0.015527656274986307,0.30052383610206335,0.24063145254119325,0.265041871907805,0.16937212863705975,0.4313698463754554,0.48088923260862493,0.24567806822948043,0.3561046511627908,0.03107849718823645,0.17639817122880813,0.39537207745150527,0.2995863336975519,0.462257155568738,0.603744811859428,0.6059822939861724,0.38234473977772804,0.4135446685878963,0.05898477996176547,0.6792306603624794,0.0804127508444237,0.3855743825543379,0.5582486720643597,0.36484473856316335,0.3663504543243824,0.5026573649522446,0.32006125574272587,0.10234330612651936,0.07666663575191085,0.3325610847588205,0.14600745480708144
0.27587503446662376,0.6231441543024734,0.6628108672300581,0.49592355392524035,0.2140718562874252,0.04051634907876642,0.31930625934743434,0.42501837823514205,0.5104547612155326,0.4761037447180533,0.4230648542483713,0.4391025320177912,0.6135233564666293,0.6335464830300049,0.20791140918590284,0.3884418757161363,0.28299294385339757,0.2203957850827321,0.6379470358645766,0.594142249491698,0.6119534969070454,0.20335110307339882,0.7066529668636014,0.024803340693259804,0.6311410487145384,0.29439165500068143,0.3070134522577595,0.18751914241960183,0.4000327955541609,0.445516847622754,0.3646615071102571,0.3343023255813954,0.11199983120866353,0.4751233503452591,0.12975512929377914,0.2608111295031222,0.6260195758564437,0.5203167750135481,0.5599547648710509,0.343347751850409,0.5518731988472623,0.08882024340795674,0.2950860419120561,0.2956975291163872,0.3722007211391601,0.6969212521272755,0.40004427821374167,0.4192061734829096,0.5085865974286965,0.3598774885145482,0.11158611010559463,0.12428014418959271,0.35272907103483725,0.202733803925647
0.5258311678545466,0.8329595978645696,0.612260651155021,0.44281005928974404,0.38443113772455095,0.013797573579320592,0.6069331942148134,0.4238698589490653,0.337575646898441,0.3160061197726941,0.4142494328801025,0.48820648338220374,0.5334656685589231,0.37678307919331044,0.10001664257962135,0.339500743044199,0.40412083790807035,0.31864707431497263,0.5447004081009954,0.5198683107842387,0.5048847426819705,0.22295222049239447,0.634472129463139,0.014934431922515,0.2964693737521984,0.15923792245145135,0.1957199138895205,0.22155436447166924,0.4409083405711897,0.4688358979601903,0.27828452244181334,0.3270348837209303,0.02077040132341594,0.2054226465469992,0.4578151036193391,0.2696043927222099,0.4028622274951802,0.6814436755052784,0.6808905206050209,0.368941888374751,0.3544668587896254,0.04899796972551299,0.7677378492805883,0.18560649629283524,0.4769769703831693,0.629415708318292,0.3916579728312457,0.4000234718551647,0.5745466036440005,0.38591117917304746,0.09855535544034999,0.06689184988419761,0.15112615415773775,0.17772521108570105
0.406204827833992,0.5706870394279879,0.4843409135167506,0.4308393396584332,0.31167664670658685,0.03333838211942674,0.5506498037020393,0.4710706659544094,0.32204774138523834,0.22100393413958902,0.5965022687332602,0.6867481180374627,0.4882131505308963,0.36792916871618303,0.09896328575067279,0.21970051436895396,0.6099975810149482,0.5974862687091099,0.5674383716643147,0.6592317963193026,0.6478304326316221,0.24068347907648444,0.634472129463139,0.01575613566269294,0.28861045260147106,0.1569766721589713,0.3146576249533052,0.09555895865237363,0.42388678534798474,0.5100578789660434,0.2991007761584281,0.1468023255813954,0.06445085403988612,0.18869751654565295,0.2471736324940642,0.361352900242861,0.42143704582530034,0.6359061720820222,0.6356682304195809,0.33249930238488484,0.4351585014409223,0.04910147504174273,0.7455403610632152,0.23343379940330294,0.4188473468732279,0.6259604971378474,0.5204433103924546,0.5263545353008626,0.5195972064929788,0.3491577335375191,0.05633803846908503,0.1368781199063399,0.3322864485613865,0.2946560882667115
0.23321162089220512,0.4789102550174835,0.6222097115705838,0.4538083503292809,0.2251497005988024,0.053542550709989825,0.7552031869140552,0.3479848482845772,0.5162759078771071,0.32211375006071197,0.544040879227904,0.6001485096829529,0.5449426450774147,0.3748155435317266,0.08499783670355296,0.15947249532877045,0.5689935785924751,0.43685683849446955,0.5026062524632264,0.5912992352784627,0.5696040683352093,0.17196308203973343,0.5890059080400719,0.021352612441071846,0.3019408518867542,0.17383521052960724,0.23952156971351002,0.11699846860643187,0.49644865813270483,0.5608764955905119,0.32952381458290153,0.27034883720930236,0.059364172543235935,0.24333404070868944,0.32843703485783393,0.40252964023487725,0.4133916654308172,0.6948328412503318,0.6944110184273385,0.3217920131258184,0.4337175792507205,0.0381389889928683,0.7876228496472626,0.2272725522189093,0.49543795464524,0.4692898767469444,0.5563401444689712,0.5560768473478646,0.5088041348969617,0.2664624808575804,0.044866479159482844,0.20249568769042378,0.38676147137035466,0.32026482501886455
0.12069584980072018,0.42939002446039726,0.7407004216754745,0.41306849161575787,0.17185628742514972,0.04955063641641019,0.6576068433396571,0.19774014068429552,0.6873439897201953,0.42567633202195343,0.3814669623963424,0.41503062335540275,0.44982829153290915,0.5838662075750124,0.06381435237277633,0.65614965989594,0.32514359097199064,0.21253675033353955,0.6780706103716134,0.4846189816420329,0.5370285815997615,0.16909886089674084,0.7105060364757257,0.03914396866535036,0.8550532076776604,0.37258885764194305,0.26632625585808267,0.2047856049004594,0.423136588330341,0.4589606405448727,0.34297848916712664,0.29796511627906985,0.07855275246234436,0.05838959643911082,0.2820145716230474,0.2663535316492397,0.7059913984873202,0.506639270252964,0.5792121945399471,0.40275818319861156,0.5994236311239194,0.03829160118194886,0.8726960369912848,0.40082980594061746,0.4297179450501406,0.43148883502655866,0.39534887771697486,0.3970616392440907,0.6031503740017774,0.2802450229709035,0.11993939499468775,0.2771651321892555,0.05021265398801497,0.1700262678464363
0.18768225532874888,0.4250750644317542,0.6517038779048666,0.39342809692030867,0.20928143712574854,0.05154523290537026,0.5898446563312854,0.3304402805248423,0.5708824963054734,0.2549905289232114,0.6315441564250117,0.7041313047793838,0.5611250779222596,0.427447122479095,0.153268525531023,0.23331357717689524,0.658128857175345,0.6026667462637221,0.5985735535298828,0.5279432937403401,0.5308365871690197,0.1942423287392234,0.6444901104546622,0.03508108182974408,0.2502758022473805,0.2176563138790124,0.22756635668591185,0.07978560490045944,0.4087674740451302,0.5063467611705115,0.442299248558164,0.1162790697674419,0.1532617788433137,0.6273794897923894,0.23812042112903328,0.36596801320427896,0.4440160166098176,0.7636378018643061,0.7642766199636216,0.3303000052573904,0.42507204610951016,0.023677186100982902,0.7854272598376313,0.2944927040780832,0.5967959405122207,0.46665979062451646,0.526074645275362,0.5258951189711656,0.5419202256925456,0.22205206738131697,0.061294014967266656,0.11676031914614227,0.34834585057033973,0.2878275207734652
0.31497898580392875,0.563960535152719,0.5782638346207144,0.42490780505668313,0.2532934131736527,0.03400026607768026,0.5484546159580967,0.49861653505817455,0.43109363318215876,0.32087522463451357,0.49736762543363744,0.5586359091968998,0.5993452296291091,0.3949827840629612,0.17471604009541541,0.2465570386891645,0.5034739723731875,0.3902119365017803,0.512923198189608,0.7006390928331605,0.6795534988082359,0.20540737892502206,0.5712817878243001,0.028123539851393837,0.2663575000353738,0.20757182005449593,0.33506712489224094,0.13430321592649314,0.44050448617006466,0.5046696002750387,0.2637721605773672,0.27034883720930236,0.047135541113766485,0.3007190333833147,0.2954315587565328,0.3372713652674002,0.4132433634880617,0.7195300081997511,0.7191141946019322,0.31814150146319536,0.5288184438040346,0.029905094474100568,0.7550793248827055,0.2720170346722701,0.5297038840584185,0.5392707957299777,0.5283496674297411,0.528468192317409,0.4922735081163436,0.37366003062787134,0.06215616740896177,0.12802015970319902,0.33839599712095525,0.2908757048402869
0.2898956392409822,0.5596272518979182,0.6038391926898722,0.4174183123449461,0.27425149700598805,0.03266548909010562,0.5780405077836097,0.35180633188572685,0.463563300903763,0.2755840497352955,0.4324711999626978,0.5223480665760913,0.5186569964469763,0.43777668470241027,0.06465215499822433,0.25196548986691175,0.42378291318489336,0.3719304960992515,0.5515338749253086,0.6332317945334063,0.6183788453366195,0.18418871965196734,0.6259953763164655,0.029452474081675336,0.286010789913925,0.2694851719581318,0.2855169486134261,0.17760336906584992,0.3397805674403211,0.398259359408257,0.2902203390312712,0.27470930232558144,0.04988985523788521,0.08056316377984182,0.247228304582013,0.22554912355295575,0.46970932819219935,0.7569875480111231,0.7593228771850575,0.3390573291755351,0.38328530259366,0.025759038728788736,0.7726016851745366,0.36488529746074694,0.5918974189788755,0.5558248672064359,0.47576353600186616,0.4766734839271382,0.5563456491741868,0.23124042879019904,0.06696657389361442,0.20558905817186973,0.43191340224004576,0.23954935268259897
0.4574326751948931,0.8225177984393688,0.6523075302492523,0.4689812805095111,0.30688622754491024,0.019787935366981726,0.6568515133423987,0.8190538541479369,0.39369364733786616,0.3642357569575987,0.4779218935878885,0.5248288669332557,0.5983116850731824,0.3718642400393508,0.1585933597714085,0.49601784028797924,0.19249739689228762,0.3359793263446146,0.5627026202372325,0.6519562649489282,0.6394667547560638,0.22324679684869195,0.6588749036732597,0.019447684213068236,0.2625644898613162,0.2816579926132318,0.30615774242976795,0.32932618683001535,0.4934259846552405,0.4905216302551601,0.41118740918390645,0.309593023255814,0.060239165899648575,0.4610008207640375,0.4817783698503961,0.2638091770485849,0.3096915319590686,0.759615772824614,0.7635191611620716,0.3633658990714061,0.3112391930835735,0.02888118821758587,0.8173450089170364,0.3255659586108343,0.6004849089866596,0.8322417616419988,0.47726702986573605,0.5226543634102843,0.5353346459037879,0.4257274119448698,0.06661258108763038,0.30553824910726063,0.3861792611950483,0.32989933551608774
0.3515929846842857,0.43493953270718455,0.4524191701877637,0.38785371238870314,0.3479041916167665,0.057216085108963644,0.5558093541195348,0.26803170229206474,0.33740832845882496,0.3075185778813929,0.5877447834024503,0.6451585631885528,0.46567473582763175,0.5509099852434826,0.06588519227300135,0.2953930339120931,0.6928298913147215,0.4986355918318712,0.6387416250301944,0.6890314249710403,0.7020355734564342,0.16708933770755421,0.7010017980991524,0.030350588070507997,0.3452217493204237,0.3232224591518404,0.38848126751229684,0.1827335375191424,0.4061423387300211,0.45295334022251943,0.3861234575206743,0.23837209302325585,0.11522839664875292,0.19877674324328945,0.24667312800041677,0.2691496196841536,0.477346878244105,0.7926161821265554,0.795464700919794,0.32301270227180545,0.436599423631124,0.018653952955048465,0.7863342795801744,0.2337872917021654,0.6476919118658326,0.5297818575627868,0.42910431407534133,0.42905954237411015,0.5074157679999775,0.21745788667687593,0.05449322224768223,0.09036829680045522,0.2937716369699636,0.19530266157074605
0.3576089771977173,0.5948482601071339,0.5535223852937463,0.4100412506480239,0.34610778443113777,0.02270669201255932,0.6974092299758115,0.39893380580288323,0.38930119369318517,0.608200981106416,0.46953070570324384,0.4659613150354562,0.6252275736450175,0.6237088047220857,0.14198720221085018,0.18155143171457241,0.45443992229783947,0.22761314713318342,0.5839086158892406,0.7637016263061698,0.7548949359654301,0.22498370363977088,0.6935525301823787,0.010929250681303512,0.47865295123836754,0.35252408375002287,0.4218866295189214,0.44666921898928025,0.49534163262889935,0.4838925021054291,0.4411409214542328,0.3633720930232559,0.07488374999341475,0.7460499500865403,0.4945087467639502,0.2496548777147779,0.3315289930298087,0.7774420799047677,0.7793929322840893,0.3623748333491165,0.2348703170028819,0.023827023187090037,0.8259789870472547,0.2602276177872011,0.6215502084894582,0.8100149553916766,0.5323191398115759,0.5682824999185001,0.5074579502544199,0.552833078101072,0.06355260797787328,0.11328372412279725,0.36042083527766183,0.3735501651947775
0.42777048988561256,0.6650798054205856,0.5386407500084531,0.4136357690157574,0.3817365269461078,0.01688471493972852,0.5873831864925092,0.40315103459980317,0.3404006022824937,0.6243746660838312,0.3372605392122342,0.33278038581139757,0.6032376005642979,0.6974913920314806,0.15304025990012715,0.2793378685489764,0.0369416072875452,0.12020499861787573,0.5352225485335063,0.7223409607749733,0.7037902541572046,0.2318400412232349,0.6758284099666068,0.01674089977214328,0.2714436707914679,0.31835231344447673,0.3606544023211956,0.3309341500765697,0.36995665945797146,0.37056232789974075,0.2937133785118852,0.31250000000000006,0.09625052707759425,0.40607311660400053,0.33627027824666067,0.1626592510661204,0.3830268426516387,0.7747281664082093,0.7743445369469533,0.3543622148513497,0.31844380403458217,0.025457629063648114,0.8155217243197782,0.3197388998713173,0.610386231234364,0.6926409158888144,0.4504642215303816,0.46686090357042115,0.5971261629719482,0.24961715160796322,0.05396252627766095,0.1574595499655396,0.2243972218484936,0.24446612655791186
0.31530485206507297,0.5440415700238551,0.5644283688797713,0.4180758109760396,0.2787425149700599,0.03174746169226332,0.6873843039486267,0.38208831825329265,0.42271814187900303,0.5959978629365195,0.4502012684525351,0.4472079295206216,0.5636541330826221,0.6566650270536154,0.10913351788275846,0.29130198096066023,0.12967140162350727,0.21105035958302892,0.580882820346568,0.7653016133294569,0.7556681373564372,0.2337931563295383,0.6886719753403545,0.009843456644625229,0.42352953748674793,0.33417202188541056,0.42185753188568703,0.3929938744257274,0.45762834293971977,0.44780652230095086,0.30110032473802545,0.4709302325581396,0.05530727172092089,0.31079870058292725,0.39866044819751656,0.21812182871905472,0.3500296603885511,0.8149400768239786,0.8156806571810029,0.35413198136251745,0.298270893371758,0.02189005956198175,0.8223704096082765,0.30117627206192454,0.6762160461042512,0.7487494198339435,0.5328172998292078,0.5561025148556926,0.5953541044646703,0.19754977029096474,0.03487754973442252,0.014723051270708387,0.2894208120993438,0.34581831212784475
0.30181900218079727,0.5589521171728855,0.5897673996189227,0.4053195269979056,0.23113772455089823,0.02637728400353763,0.5806709208706348,0.6106525918912873,0.4468351580948654,0.6493030258876099,0.33941981698170315,0.3350250185378991,0.5690439003424077,0.7004426955238564,0.1052299316960957,0.34338455742898655,0.04004096286249251,0.12164083511625676,0.47231651346987547,0.6504727941461368,0.6283592224775577,0.21141587230510006,0.6737734395068071,0.008309195681095085,0.2966240103521366,0.2414568317143733,0.287942400207558,0.3430321592649311,0.4199162161256559,0.4166889117949908,0.2965560956177883,0.34447674418604657,0.04716091058464788,0.31909581809420484,0.42170310370421754,0.19672450025217042,0.401305057096248,0.6883477328255446,0.6877911925387609,0.34832728472710445,0.4351585014409223,0.047786424403786935,0.8247338808731778,0.2930775812211009,0.48628735430382575,0.6192563560414625,0.5374169563010532,0.542495990660534,0.6010188331386779,0.20673813169984684,0.05949135828180064,0.07340809676686622,0.4397346949772817,0.3111630148345771
0.23595223970387944,0.542043432614161,0.6558011770162959,0.4054787956028756,0.22215568862275453,0.03316413348631815,0.6832289011730802,0.5537246970060115,0.5352999171426467,0.6018019330710573,0.34600012139282,0.3425442237169064,0.5297445818457904,0.6679783571077227,0.13099909740477744,0.2123586525555481,0.14859533882784245,0.12778525778749728,0.48714672565696626,0.6620778859935739,0.6397653886591863,0.19821871502542707,0.6647829437451837,0.014809852873365326,0.2956153863810535,0.28317338984676793,0.2977754656410728,0.33690658499234305,0.352570057980243,0.35254948034932254,0.24932519828345695,0.4011627906976745,0.052173020020828756,0.23886839625764256,0.30891410553008436,0.14874741249881124,0.3865490137920807,0.7627622381014875,0.7623201401326054,0.35586979951593195,0.3270893371757926,0.03148693239308726,0.8016654202493093,0.29194319760605686,0.5922351767702312,0.584652673920891,0.474788126526843,0.47749742970049763,0.611153065474941,0.20826952526799383,0.09639448462257252,0.10909028970085971,0.2971096646411905,0.24203932453690935
0.4794328255947059,0.7003933181278812,0.5233857930326189,0.460126145735361,0.258682634730539,0.020008553391800594,0.43941356081588756,0.30466307501196627,0.3058685089323456,0.403006459760066,0.3861553688747839,0.4274664580790389,0.6407663136593995,0.39350713231677326,0.16716037520278568,0.3697569377159383,0.3498641185985034,0.22991459306103468,0.5743799026151518,0.700793776601432,0.6905237238986075,0.22682176041165714,0.674544053429232,0.013051053500681666,0.32344996565587497,0.2787945281519154,0.3555824477676032,0.2194104134762634,0.4229032111621392,0.45318320698050485,0.2869207409796951,0.32848837209302334,0.041158724563478244,0.17774562309195457,0.31009869720636174,0.2563795741316018,0.46147857036927187,0.7172462233946713,0.7190566456789101,0.3270680169626777,0.41930835734870325,0.03877850246102725,0.7761558688661849,0.4207503681056448,0.5327247647919018,0.6495797019235727,0.3767229671165649,0.3884080458478033,0.516920202806387,0.3261868300153139,0.04761476919401866,0.1487188489507188,0.3462101538633373,0.17082307905416236
0.0486961171781653,0.456725436700258,0.8472827934411413,0.4644932590561182,0.09011976047904194,0.036223905071270796,0.49742676906097216,0.33200390538947555,0.8318133468293669,0.388593423672835,0.4342689590588925,0.4763512173994747,0.49351029519667183,0.529758976881456,0.06673133739654848,0.03748689364864938,0.5341130618486918,0.27890490226268505,0.5812960067126892,0.5624179808797338,0.5573403833007318,0.18982045071435938,0.6835345491908554,0.017546705433553404,0.33363960243469887,0.18398394430059842,0.24265775176804794,0.1344563552833078,0.42664338985343436,0.4927660736685219,0.2578462430573546,0.22529069767441864,0.06418141431093109,0.796628376102348,0.34190641091286217,0.3257871774493668,0.5099733056503041,0.8129240860985067,0.8189606203678947,0.31119705043058665,0.468299711815562,0.02396954639492158,0.76059427272796,0.32666079519784474,0.6899472177656705,0.4208653499045949,0.5217221044501358,0.5234869745440591,0.5456139531435429,0.21898928024502293,0.07771220929880596,0.050742129115694035,0.3820331177901352,0.2873294201030214
0.28655342117796473,0.5562042912177494,0.6054231033116871,0.420367665200583,0.22395209580838327,0.0282727368255975,0.6552031442916896,0.5507066733217885,0.4669014262195734,0.5958885812812666,0.4068141756525939,0.40378959270546355,0.6167348222835151,0.6443679291687162,0.19094290573482786,0.3068148113475427,0.13778890302782626,0.17397550569816667,0.46870590030130815,0.7126085162084219,0.690601508869546,0.19992712342652036,0.6730028255843823,0.010829933452191253,0.2615073470687989,0.282775400256443,0.3446133114911366,0.36336140888208274,0.4332853176895365,0.42676028658425824,0.3193656686367794,0.3415697674418605,0.08284071425074434,0.38319150655342715,0.369184969104694,0.20260877656076465,0.37186712145929113,0.7018632624231761,0.7017391923914029,0.36060564050256994,0.3386167146974064,0.04545963484872123,0.8145374856140397,0.10755795978319205,0.5059342346148819,0.6976948068691661,0.5058905934063352,0.5213409327667318,0.6152648469576986,0.24961715160796322,0.0801520669648505,0.1744732813355718,0.44375350829784055,0.2990664317666646
0.37109482708199293,0.6122460077891496,0.5523767713841108,0.41248524330123587,0.32784431137724557,0.02102266305303384,0.6929218199486001,0.37337910884441383,0.380381397779446,0.5654718539025693,0.3308193687624269,0.3312160657875338,0.6668179544050452,0.588293162813576,0.2854805134064172,0.187323977519306,0.28054432933651396,0.1223075685945729,0.5347712218874353,0.7755045216500058,0.7566241750932208,0.22437762830010174,0.6832776778833805,0.013238591183241945,0.33108488935567415,0.30853051450905933,0.41343040151073474,0.36125574272588057,0.3851253207237005,0.37991289387070076,0.367349389368364,0.3313953488372094,0.06716911259638732,0.43737943984753347,0.37263076067521306,0.1655991618082004,0.36845617677591574,0.7926952499070864,0.792676393897912,0.3580525215156814,0.26512968299711825,0.025966711078356703,0.8096367448253246,0.3698661124269167,0.6389353638121982,0.699087205404569,0.44824472575931634,0.46584110654510713,0.603081900577374,0.39509954058192953,0.09921134079525593,0.09743021838282151,0.2318677630078284,0.24457616840753432
0.34912809886281027,0.5483005012492018,0.5292992018957473,0.46782156262832464,0.2446107784431138,0.03494685882749292,0.3060530134450799,0.4228253166368877,0.38065313942969314,0.5545072611588712,0.2819726543788351,0.2849422468883336,0.5843942656458317,0.6566650270536154,0.2518575546061935,0.036789383119587016,0.1636304181826146,0.0942388824550627,0.6376355569116544,0.7585994370719367,0.7680891277509331,0.18224450892611166,0.7790906755715387,0.017485264181229553,0.9435020941828572,0.2937846108103421,0.4546167329073362,0.28606431852986214,0.3903150441618408,0.40110111271190374,0.3055267231443518,0.306686046511628,0.04323986095828783,0.07211392872396216,0.15790984469025635,0.19447128232161687,0.6416283553314548,0.5606883104170304,0.6029486075826345,0.4308739112650327,0.5317002881844382,0.02953186836653119,0.11548479627953478,0.3162170880143941,0.427775562134195,0.7033159713269042,0.4239150072261833,0.4432562572566293,0.6139657920430923,0.34150076569678406,0.07020251518303494,0.12525084306991097,0.23676843800835204,0.22465422837255725
0.3478664115440212,0.6840268235397021,0.6316039322001357,0.44176370402145787,0.28712574850299405,0.018941794161567552,0.4110107202238005,0.25766354117834595,0.44226139653451285,0.6110180193307105,0.4311883875153051,0.4274076181777888,0.5044813054029615,0.7176586325627152,0.064189682454628,0.20057524841919755,0.42095848390864166,0.19303985703351778,0.6438524225434481,0.8738424786954693,0.8815661781062234,0.21605731307189055,0.7541741587464681,0.006376219038985102,0.2589260687679363,0.6001975922654329,0.5847871123740662,0.3480091883614089,0.34465125829563803,0.3427026384011264,0.3611566825565515,0.3343023255813954,0.10496886924885121,0.058429338194164654,0.2138748789967811,0.14030343171663712,0.29293341242770277,0.8949610286793087,0.899852018684997,0.3717458517658197,0.27377521613832856,0.012204876002395684,0.3995648625267512,0.42406049829969583,0.8239793791720746,0.8056314785209633,0.5545415456694311,0.5882241259578724,0.5410790970317081,0.4272588055130168,0.04203292072318036,0.15241211813633007,0.46293913592829306,0.39537672362593235
0.2759585899181992,0.4361382255948547,0.5455471441499599,0.3749923284985724,0.225748502994012,0.06566695405272963,0.5196328353922944,0.3122506490973363,0.4389381626170745,0.4558866384962844,0.4591463088219399,0.4788089168135939,0.5226429104478024,0.5676340383669455,0.11889949402956174,0.2016527042286006,0.48836039291257693,0.2615283291207063,0.5420115183645448,0.7339985755103016,0.716435509122172,0.14285136267023393,0.7084510660159261,0.024126061150546815,0.3053869719471931,0.32261168274067725,0.3739793410200509,0.22136294027565087,0.4495363221626092,0.4768132619104297,0.3559366086907114,0.30232558139534893,0.049266137523198805,0.5015716906885751,0.2284208597898732,0.2769857096447706,0.46948687527806615,0.7785518516536576,0.7808055321559404,0.3357748426034565,0.3933717579250721,0.02066501963068143,0.7727921635058985,0.14869037779379313,0.6241726730207099,0.32535712443917275,0.287527556389643,0.3069044857391895,0.5503855577453547,0.22358346094946396,0.10663803345764827,0.18588803055488096,0.25516288311965857,0.11588576060644148
0.4522773038326885,0.5561316247069313,0.42617550870837534,0.4060052102929762,0.43712574850299407,0.03369370426640171,0.5075734842348407,0.3148433510905875,0.26727345615717235,0.5714337753169167,0.38556885438529437,0.3847856425269432,0.6034570935336142,0.5996064928676833,0.16299216962580906,0.21124371944938763,0.07986815709398912,0.160618552239859,0.5633319348564019,0.7567168570618346,0.7430158450111896,0.23176610085113947,0.6868738761880299,0.012395172570387965,0.3015787633873249,0.2874001341138327,0.4045899528281338,0.36458652373660033,0.3428176297772788,0.3381016467730323,0.2724806454575761,0.38081395348837216,0.04388338885655623,0.27535024803931585,0.3288359279078613,0.1352159191331586,0.37372089574373424,0.7762720308988785,0.7760953454544482,0.36946587929354674,0.2593659942363113,0.023049043205612598,0.8279691142911213,0.3763640733426886,0.6133004670858415,0.7293074106544273,0.5043919061191987,0.5252513974628101,0.592422257437581,0.2833078101071975,0.05521602449046808,0.09238050369653644,0.26688965996279,0.308734884068805
0.3474569898313016,0.6162781632512493,0.5801772215399993,0.41159554045113783,0.31796407185628744,0.019883799161022196,0.5972152783959204,0.4180906372574165,0.41118908720594766,0.6099130603720433,0.34015311493980305,0.33621247957964345,0.5719484264076885,0.6787998032464339,0.16172261515311417,0.2860961570566854,0.09020072123077114,0.12287648618717525,0.5138194947684249,0.7548394612576883,0.7337246327532394,0.22022045458980513,0.6624711019779091,0.013521917839526856,0.2363845822627031,0.2940057413425359,0.38769558503835233,0.3205589586523737,0.3828445643517592,0.3852193739195014,0.3376667875048683,0.3212209302325582,0.06939246941405865,0.21705421818066542,0.3415628412584884,0.1753131977987807,0.34776805576153047,0.776774091141768,0.7776759672826175,0.3535882135580625,0.3227665706051874,0.02813165353338786,0.809094807869658,0.4037692743207735,0.6173193061504644,0.764375225620133,0.5054593958951799,0.5330592579882901,0.5620179352343287,0.336906584992343,0.0446733364922184,0.14423289886689455,0.3075294038695714,0.32414055132818187
0.30251251242887345,0.6360431047878495,0.6427555136900827,0.4031622691907282,0.3137724550898204,0.01966591077946551,0.6033787762855949,0.6254555225672248,0.4789994665306408,0.5896352421195784,0.30732561859104,0.3049247112578615,0.46284413958731385,0.691588785046729,0.03327930539917606,0.32848181333053356,0.2788151178883676,0.10333511221164834,0.5000508537065995,0.7043965397139853,0.6824434627674534,0.22540249007853377,0.6265091189314154,0.013271330670658025,0.336642789431958,0.2920400878715296,0.33695952315204813,0.3758039816232772,0.37222927637128844,0.365366298002864,0.35171417362414853,0.3517441860465117,0.07261443659427926,0.4567705534801847,0.363082422847808,0.15342283589525255,0.37097730980275845,0.7844058030354146,0.7843083337989091,0.3557215541107987,0.32420749279538913,0.02764729227055154,0.7779716622465166,0.2050761687429164,0.6259529663731455,0.8615337012015883,0.5109157650961652,0.5611859159958753,0.579320340935617,0.37366003062787134,0.03844229956824294,0.19133240192210424,0.42012540022306566,0.37986283119420816
0.32895781285249953,0.5164646324508939,0.5305076805453387,0.40278002716875916,0.27544910179640725,0.03151574427140661,0.5246497803573477,0.33931433953925516,0.39420985566632627,0.5890766914371752,0.43647448639252645,0.4339361331647232,0.4040994887653349,0.6714215445154944,0.1444404113797594,0.3846686741574809,0.10607830064468957,0.19988329134668048,0.5367608731581422,0.7498779202223762,0.7314059647673865,0.2317635422163675,0.6447469817621372,0.014078308767414387,0.25251975357739925,0.3356086379478653,0.3880025514472407,0.40199081163859113,0.5177170150544526,0.5065912973312403,0.2889978738892407,0.39098837209302334,0.08103845362330378,0.4638883539684673,0.4058080340038303,0.2718839765804771,0.3819887290523506,0.7626877568880887,0.7623183502880547,0.3525353996952035,0.282420749279539,0.03138632640218723,0.8321826066944158,0.42038363885506663,0.5923537420290809,0.7008405961528543,0.5181069977325096,0.5336928158830717,0.6228291980552922,0.17611026033690658,0.05744106862820138,0.18282409591847093,0.3851758118994393,0.3125807332252377
0.28936088435089946,0.5467782033371515,0.596018447775898,0.4105769827454896,0.258682634730539,0.024149034179224767,0.7547652497971307,0.3696845879689255,0.4592028796877487,0.6425761328864927,0.3838310367859372,0.3794490557295829,0.5582882051910029,0.6542056074766356,0.07939979725561311,0.18646215738133387,0.31173732668549836,0.15371355340889326,0.5436515504023799,0.743593817608945,0.7262374832499933,0.22153293500365764,0.6994605702543026,0.0122403526235664,0.3185571602392663,0.3177184116968151,0.38389662214121634,0.36550535987748856,0.37918560922850064,0.37350504052665373,0.30488901373612287,0.4156976744186047,0.07773855464994758,0.31227122279524905,0.36285213798149674,0.1603851528266737,0.31273172178555536,0.7708536848532228,0.7744084021176155,0.3579466223441385,0.24063400576368882,0.02706384648038369,0.7988090394513305,0.3341263763916935,0.6163801687925363,0.7735547418905677,0.515192143424864,0.5441927882771103,0.5754234453190014,0.31240428790199076,0.04255011859893122,0.07545847995733179,0.31816745448046413,0.3381149992787312
0.13756569547380124,0.39025298111543766,0.7013603347032195,0.43922528040201925,0.14670658682634732,0.05014327342406141,0.5964459669363061,0.3215542454620898,0.6457264537307075,0.29099276312594097,0.5763728478747434,0.6408984213860249,0.542948752841263,0.4761436301032957,0.07307340761538905,0.14465701934452727,0.707187993795181,0.5009041482086699,0.5926935937043111,0.631509138907999,0.6283830731924683,0.2217800687162166,0.6239404058566659,0.014673384303740676,0.32818642345346627,0.23315901469421263,0.30420325013071275,0.16607963246554364,0.3699516810921263,0.4293744260362711,0.4220795873675719,0.22674418604651167,0.1162072338197215,0.6601689050952665,0.20729969905188195,0.25547238543743356,0.4865786741806318,0.8164406678441715,0.820014364773083,0.3103379988158467,0.6412103746397695,0.019379433462640316,0.7697334272790987,0.3387910554387802,0.6877003071185185,0.40967459130524464,0.5559762766611596,0.5582780895638243,0.5452162490005167,0.15313935681470137,0.06474255046316266,0.16211260461012747,0.4244887828681332,0.32554329629007844
0.353932537328398,0.5344461647928689,0.5143259528613512,0.394245006384086,0.39131736526946115,0.03636356910548415,0.4707250187822115,0.5361342412162544,0.36926192916270084,0.6940356501044247,0.3172666726471882,0.31629668670404004,0.5007032102159359,0.7688145597638958,0.06058143716522578,0.31591139687297226,0.09184206406021983,0.11148568596569422,0.5722821872179208,0.7115220479608113,0.7005331391034021,0.23667530913445795,0.7192396609298741,0.011473411615116731,0.35335428372631983,0.16641682875159505,0.364700674713032,0.3263782542113323,0.4404595668914696,0.4396096075863708,0.4039924953733309,0.2906976744186047,0.1040564810956206,0.15837261571798092,0.4449329153497559,0.21842028851101275,0.36044787186712146,0.7615779976397101,0.761867645444854,0.3265771363525386,0.40922190201729114,0.032069309151256636,0.8447034809678334,0.24416141943319114,0.5926644802995906,0.6041462534165334,0.5986722040049026,0.6020062062280741,0.5818759114198991,0.16998468606431852,0.03716739512044472,0.16829339657832193,0.12184163281314528,0.3773873753319379
0.2892522622638514,0.6655937997203772,0.6785406553915998,0.4252333802062381,0.3038922155688623,0.014303351657806138,0.38722331664123033,0.43591663255630886,0.5111816698795951,0.7040045655447084,0.46458734764360404,0.4639826336513511,0.5273034119517018,0.7776684702410231,0.11492708266276012,0.11844296800647958,0.36270713931747517,0.2286684295452463,0.5774756220043988,0.8384866065852086,0.8269596859377397,0.2342692306291256,0.6817364500385308,0.007981741916041552,0.14018999746402422,0.5721149892874224,0.4980092438715188,0.28786370597243494,0.4182709310366191,0.42705819812030654,0.38233498351131867,0.2616279069767442,0.07561933139123903,0.13907158396343527,0.20031681656586223,0.2152296303119126,0.23591131543823227,0.8067502832412446,0.8201826627906219,0.372276097743129,0.2579250720461096,0.021547324792901924,0.3054029149033686,0.2899880204046042,0.703506230705182,0.7831983910061369,0.5682507933987408,0.5965873631003923,0.5510377702060377,0.43032159264931086,0.037035962534619986,0.10738148022894106,0.41723292398873835,0.399713650709961
0.3708692273627393,0.6118445252424108,0.5523059001708265,0.42313173814341626,0.3482035928143713,0.022104943401014824,0.5837907872288907,0.34921505005186915,0.3804671561717079,0.6430496867259216,0.39808599694208324,0.3937611442774218,0.5754412914782274,0.7147073290703394,0.21465920951940465,0.15842926582452044,0.28313076821504346,0.16496688385500158,0.557235846777782,0.7679180065359781,0.7528388937861694,0.22525397454409146,0.6665810428975084,0.013352278786750767,0.3313474678127925,0.5057335363890806,0.4133764139704805,0.4158116385911179,0.428381645984092,0.4177698489273899,0.40523053894434247,0.3517441860465117,0.07526766557406218,0.199391400549137,0.38612135019783655,0.1919043443604744,0.22371348064659644,0.8059348578492469,0.8215306317135063,0.3841226881929066,0.13544668587896258,0.021034971138776806,0.873308206292541,0.37950355400518954,0.7091093820210219,0.7547315765045639,0.5544280665761591,0.5779375271559688,0.5401801616920731,0.3246554364471669,0.04376475830600699,0.08944225342711021,0.2963534742952065,0.3716282992558367
0.3452761925451826,0.6524133319873243,0.609731699704715,0.43077869855869566,0.2670658682634731,0.019142265869308426,0.5624763387421048,0.28946771045320513,0.430381108710339,0.7112050123852542,0.4116394945097378,0.4121391076915967,0.5422283720948229,0.6743728480078702,0.07349752894505238,0.20861269641346206,0.12354072264075436,0.1837357201318524,0.5663768005390493,0.6971823568004507,0.684937738788523,0.21432284468610346,0.6940662727973286,0.014908228373735344,0.40681464105187337,0.28829749001687854,0.3483783961543272,0.3694104134762634,0.36966771127359044,0.3636613002242403,0.32947316757706085,0.35029069767441867,0.07761135707958784,0.14289551329151515,0.3862205306197781,0.1527233477881929,0.23668990063769835,0.8329589227703665,0.8458620001761119,0.3983887449531843,0.1887608069164266,0.02138931498630865,0.8335533818456701,0.45381512854271217,0.7449433669556866,0.6909906657727811,0.554456292319911,0.5676290285702987,0.5917329260869589,0.2021439509954058,0.04342945106151008,0.19882781990755574,0.22248476331170386,0.3481429010020147
0.36461092403973894,0.5534163548178792,0.5158750055240968,0.4126052074849477,0.2778443113772455,0.03207519960105661,0.473183637419114,0.32125016120075,0.36362747558065356,0.7014910874738938,0.4374910862406662,0.43672751684285627,0.5662602142810785,0.676340383669454,0.0999726891849622,0.40935234107573076,0.10560654522602478,0.20372427070112156,0.5962215695996542,0.7225679024401398,0.718203189407016,0.22046170731009684,0.6866170048805549,0.0142856917587601,0.2919196477108404,0.31522335391287043,0.38865435917794333,0.36094946401225114,0.37186028276975003,0.3670005720101847,0.4130097375452357,0.2732558139534884,0.06660715257676718,0.18977915344363805,0.3697783168710998,0.1560467319688057,0.28837312768797274,0.8115439335691285,0.8174309108592435,0.3767157851890398,0.24207492795389057,0.019780795433324748,0.8630895003455958,0.3533499983655711,0.6871914930678533,0.5696972822443401,0.5921538047799422,0.5933937301458974,0.53354363254715,0.19908116385911176,0.05738104440671281,0.16283365459203059,0.32908625347085674,0.3647398031952121
0.14110009107544216,0.4460526359646457,0.7218865362487611,0.47167601298151457,0.20868263473053894,0.07782188125447251,0.9738603467315978,0.1717451040022517,0.6563844175101616,0.5285589392393997,0.4248351662839316,0.42976951802538665,0.42243344808083727,0.6832267584849976,0.11830972530037882,0.7370182481489997,0.04541444654109547,0.20255125753595324,0.7646172622907053,0.39382839528415453,0.5413433577425856,0.1836490803790905,0.7184690470074493,0.0658776289057237,0.2812496397560935,0.5412604219576556,0.3265028420447186,0.27626339969372127,0.3742024116442889,0.38888911854833436,0.28309668996889326,0.3997093023255815,0.11847205071372141,0.22088436764971375,0.18484252358861603,0.1872114243497557,0.6502298680112709,0.5028716884741732,0.5526190894761503,0.41233967227842583,0.41498559077809805,0.062279207714540236,0.8238096689249232,0.3275247784284977,0.3738867860946026,0.3839925738744778,0.4586231208500884,0.46380659720500345,0.4984712488495434,0.32312404287901986,0.15356334246105716,0.5979105468129462,0.06614258635305928,0.231441726761073
0.3059466414886239,0.5496253978585072,0.5788314222718606,0.4048471507536159,0.3095808383233533,0.029985141109467955,0.46667035370187804,0.32049575802378727,0.43750587526283496,0.7758268978580796,0.4935467981821383,0.503305708938781,0.46596524134489914,0.7717658632562716,0.11379653761226434,0.351829098174202,0.24284783789224285,0.2768768214204372,0.5535362396226655,0.7372392633254738,0.7217211553948166,0.22266309665003486,0.6714615977395325,0.016273165393668486,0.2758953852185291,0.24767394029196202,0.38121708491270323,0.39046707503828487,0.44407068404360506,0.43462197281868725,0.4226588047026569,0.33284883720930236,0.08275448229513248,0.1068342595907216,0.40478907616721654,0.2068883883580415,0.3215186118938158,0.7710065244208739,0.7737705034543951,0.38594221145924135,0.1844380403458214,0.023990250515569394,0.8028915702210764,0.19924391628090418,0.614196603808843,0.648651436233304,0.6658249486106995,0.6723109891444343,0.4382351163393117,0.38591117917304746,0.0443724944921231,0.5831751788830621,0.2016396424421052,0.47073570341203874
0.27763805449486545,0.5653998445864431,0.6217258854109677,0.43696856693079017,0.2290419161676647,0.032098553860321184,0.5930752568906646,0.49869545892240275,0.48316962803501956,0.6337121764048763,0.46100485484010195,0.45686157234592706,0.5208212365461578,0.6601082144613871,0.06244539080702703,0.35397428915285306,0.19293180901598828,0.21871252106165143,0.5570515020913587,0.7005618764174069,0.6861385579850062,0.21269117407113186,0.7061392242486515,0.018776880755708467,0.2541776808110867,0.27539452747968973,0.34752278804124453,0.41156202143951,0.49020822248114776,0.4790161789381062,0.28604014193200344,0.4156976744186047,0.059172208659347636,0.16184438164106726,0.5108540596253849,0.245240317005486,0.25378169954026397,0.773960841450933,0.7849433100565276,0.3914250982967572,0.2809798270893372,0.02811957431401276,0.8824334050671715,0.4147591996119796,0.6438576158529714,0.6315816615955855,0.6230844603790842,0.6284423045974779,0.5358533433997915,0.2465543644716692,0.028617363786244326,0.3515980426249333,0.34038041922990325,0.41231221176912025
0.2549611049372916,0.5342874298551397,0.6284115511079845,0.40210693359569616,0.22275449101796407,0.026156377084966233,0.6723327781730462,0.36226255280608616,0.5037890864742622,0.7447059109233085,0.4331421896800261,0.4383966228129218,0.466678808832904,0.7412690605017216,0.04154832443490268,0.36173220112485993,0.185391216999803,0.21046023514982898,0.5474210814040708,0.6747348345675891,0.6586020910509592,0.215563608165958,0.6486000513742616,0.01645173536683583,0.2524108211462088,0.2490277347196769,0.32019479571833814,0.41362940275650845,0.4278275808186611,0.41729485101004005,0.3794221722246699,0.3531976744186047,0.05661749222607947,0.27142207654780864,0.45473498091611997,0.19137216762744247,0.2985688862524099,0.8047458664762602,0.8095477924695349,0.37436437431524067,0.22334293948126807,0.021539472138329883,0.8186124123544788,0.2990036788460981,0.6728621849173377,0.5868186271981847,0.63440632804512,0.636419947298706,0.46785784464267055,0.35068912710566613,0.04863687519776873,0.592225897604385,0.11905669565753146,0.4181956409294932
0.29324621284915736,0.5873993443098141,0.6187247806052203,0.42883381320680103,0.2520958083832336,0.023096729912545366,0.39370922287699184,0.3626562671346826,0.47035206550992253,0.756775462625674,0.4010855416306838,0.40927553995151617,0.4615617352674671,0.7393015248401378,0.05556596742081856,0.43779193126375493,0.20767443243760447,0.18757814573103232,0.5513177466722605,0.6867666639853282,0.6712918368010021,0.23492877276599097,0.6398664269201131,0.014818140811679552,0.23608469921032327,0.2561538700665655,0.33253672838090614,0.39375957120980093,0.4217779862347728,0.4123993786166154,0.406443926992562,0.36046511627906985,0.07663391123492334,0.2629964651426077,0.465012637840835,0.18827092860048958,0.3427999406792229,0.8059708320239094,0.8071196694313509,0.35582095470244546,0.29250720461095103,0.019390945945809764,0.8035244907288298,0.3377460053555683,0.663537092308183,0.6599969057810324,0.613539284021465,0.6217939931422793,0.4770541925354599,0.32159264931087284,0.045861246204579126,0.5139913941506619,0.1865664014176221,0.4075107685832667
0.3205103566982228,0.5039368259388856,0.5321604896499906,0.35089639982922144,0.4131736526946108,0.04384576170841252,0.5441948615615133,0.4048807702798707,0.4007541158750938,0.13941910729030055,0.6148279887477826,0.7389647494827715,0.523708122199792,0.33398917855386134,0.08322873301260345,0.2589169094250218,0.5994300368100747,0.7218747754807315,0.6069072046988825,0.5881818468999223,0.5919960784173401,0.26684900197437245,0.6406370408425379,0.01876597880488979,0.2567276619393441,0.23389784313482578,0.27813373178943496,0.06780245022970904,0.3916832880626232,0.4996722773525957,0.4737467508728176,0.08866279069767447,0.17089309814059822,0.5243807705349247,0.11034582676136656,0.366081871166809,0.393482129615898,0.7170996866255385,0.7165683732676841,0.3492708180672583,0.3443804034582133,0.031880979592032364,0.7803216774409909,0.13962016134438576,0.5259003329712663,0.6587076478778815,0.5298146542533828,0.5392419307056263,0.5416694470709121,0.4241960183767228,0.05753898918240227,0.17722551861990685,0.33677415006664124,0.3122216976754163
0.2935804346554591,0.6711187561432926,0.6779843629390305,0.4240588561716927,0.338622754491018,0.016664976775835602,0.6694461645933447,0.7106826092604712,0.5076965609341557,0.8284885132837922,0.44448934005468793,0.46862009705055635,0.48378721445739,0.8293162813575996,0.06673230556231104,0.2797039801370343,0.34007349720184554,0.25540193301701425,0.510831839505702,0.6741030029640402,0.6528919816074196,0.21855250887341632,0.600565116876445,0.017475759732057478,0.2885915837948584,0.26778058023486817,0.3104657494619318,0.40895865237366,0.4170257696939182,0.40680964746386844,0.4208073558822481,0.2936046511627908,0.06478961227551717,0.32731954533545654,0.4198383610066411,0.18303393738586501,0.2937861485985467,0.8274194402108987,0.8325989542141903,0.38844162774372565,0.11815561959654186,0.018219162728258083,0.8047125408862201,0.10077562336478268,0.7106103297254327,0.6480841627559176,0.5939642058217501,0.6012199854601582,0.5140158278746301,0.3721286370597243,0.03434769777543378,0.3172795954282447,0.17276084135517136,0.3810600563708423
0.5323317819871157,0.9066812909194412,0.6804447031172632,0.4741837745069657,0.3511976047904192,0.012991635991959356,0.579179306910983,0.35880080291395555,0.3779523377248983,0.3282699499732867,0.34893271699550005,0.42787278152478214,0.5541390022036268,0.3625184456468274,0.15565527800264464,0.340669447020808,0.2789383921425673,0.25826945126566264,0.5855041509338011,0.5409846653796219,0.5381069026591108,0.2323409882968833,0.6324171590033394,0.014486353305081643,0.35997188256894297,0.19218523519865216,0.2290663632483158,0.2379402756508423,0.391958308923369,0.4182054828355145,0.33474824106425527,0.305232558139535,0.05067606995806427,0.13346561564207432,0.3399962190785549,0.22079545389917093,0.34146522319442385,0.748420099346531,0.7497452552635646,0.35637380578588085,0.3112391930835735,0.03266893963456646,0.7539925402492591,0.24045767427018766,0.5761987144734875,0.7835593832190191,0.4095063069887753,0.4478041168463091,0.5715983323977742,0.5482388973966309,0.06754517040892316,0.3352266415831491,0.32976173435975176,0.24488120464122792
0.5468370083806118,0.7695395072825139,0.5364437542053199,0.45862287841008603,0.3766467065868264,0.015378463457239297,0.5326721611208967,0.39970992995565524,0.2842427264955422,0.38221866044975467,0.49346284134317436,0.532901923203527,0.5305183682094313,0.45597638957206105,0.15136086033734053,0.37245556523581674,0.41629916112824206,0.3383454087883108,0.5730449928169139,0.630234787919976,0.6208904155566444,0.22705365627179688,0.634472129463139,0.024185703598391065,0.2608723822081017,0.16790346758507915,0.2923648161242712,0.180895865237366,0.47890699497528744,0.5184744713653802,0.3011396712052377,0.21366279069767447,0.054431446877443855,0.17818570841785364,0.4214685927569968,0.33115902345999737,0.37164466854515793,0.7353449497264142,0.7352267886064362,0.3579794266917412,0.2665706051873199,0.027385083346893616,0.7745640927057083,0.31572952721123726,0.553016264171353,0.6428239905110618,0.4116181973818589,0.4213745333876049,0.5719633224964198,0.32312404287901986,0.09216507522518769,0.09598738004837565,0.16666487976915417,0.19694722936762585
0.6068632447924065,0.8257621967044364,0.5552742293415169,0.45170195751021996,0.5404191616766467,0.018418843579416512,0.5158691602894568,0.130830512687137,0.27376562601276416,0.5665646704550974,0.37342681126733807,0.37330156151127797,0.5368423012281888,0.5823905558288245,0.051364939249858174,0.35189353494525627,0.2263942264452825,0.15232187398214253,0.5746087442948498,0.754484313798536,0.7434270150689445,0.23308014532061586,0.6216285640893913,0.012936500154681636,0.27950815973859977,0.32190536695382616,0.4076610615375723,0.3804747320061256,0.44161382258739995,0.4330511846963808,0.31974326796242036,0.3531976744186047,0.033217974485086475,0.29238713539278965,0.43602560400499457,0.20627694801842392,0.3222971970932819,0.813820407997888,0.8163791796554037,0.35940585021775795,0.31700288184438047,0.01847315792063217,0.8554562680267057,0.15531543706313114,0.6801873001269765,0.6875870249084626,0.48978249164047943,0.5041219699854844,0.5648473486837049,0.33843797856049,0.05434023174005065,0.19211241767217782,0.2185403175795751,0.2798392161322476
0.4651281322849909,0.729506376908369,0.5614102862474261,0.45030105738937265,0.2898203592814372,0.018656684133097214,0.6128969380288791,0.3397732171318944,0.33446017222203317,0.7416824517946476,0.45776292255733325,0.4621381020614967,0.5172638677971019,0.7796360059026071,0.08835069751457997,0.16246029311750546,0.1798092042794684,0.23138839378909412,0.5641074538820448,0.7651509223611477,0.751522131865226,0.23085871931592572,0.5874646801952222,0.013842614575249532,0.3181331916574015,0.1504850159194242,0.41347227579114065,0.469218989280245,0.5824399771140968,0.5708150907956542,0.32879072226594475,0.4084302325581396,0.042344532343864996,0.545312173569265,0.6080891859368949,0.33814561335835674,0.21785555390775618,0.8383081964775099,0.8543809227070516,0.388967965685023,0.1397694524495678,0.01948255620058474,0.8443540213115572,0.24770586759307894,0.7645431721137965,0.7911402196895467,0.5825410069918774,0.6117793232954196,0.5478885679640549,0.3583460949464012,0.03056751143256394,0.24375360951886027,0.3385470907631295,0.41978537295452156
0.3705767832822252,0.7760276913733775,0.6849699371168443,0.5010456234552896,0.21766467065868267,0.021548505078812636,0.4256969653260766,0.6499556232794647,0.46248485833654385,0.7799310311331293,0.4477358038671433,0.45952207326347705,0.6515650656921559,0.7388096409247418,0.1656442550637694,0.10671774583174562,0.2504250278499661,0.23558968428104907,0.5815566319590119,0.7061110452773189,0.6977085332592955,0.19302184767095473,0.7151297200102749,0.018951959492761794,0.18831066202081254,0.486706823865393,0.36431062962786304,0.5614854517611026,0.5297715734684478,0.5304507658885719,0.35425770747101376,0.47965116279069775,0.07372382331344059,0.24555866769701842,0.2105549255235694,0.3074848763528297,0.0011122645706658774,0.802987881215352,0.8829168929867742,0.4157212984022092,0.0,0.032791336669218185,0.31242402105620604,0.47352266288890493,0.917263314831255,0.5765045639729771,0.5336639016884738,0.5355000419216622,0.5683452856301925,0.3552833078101072,0.12813182767475867,0.05483604870216935,0.32609979524096544,0.3001526392286652
0.12352002406397,0.41842081534640563,0.7320955191611238,0.4385861867233707,0.2038922155688623,0.061104832533237244,0.8992962780769287,0.22065238949896898,0.6788876910842763,0.5321166642381854,0.38647756336564065,0.3914722075821827,0.5803649789424955,0.6492867683226758,0.18435163767252238,0.5044379405977748,0.13472692794083482,0.1704374395159681,0.7487826893982735,0.3087851709509689,0.4668602812108598,0.16367439568115832,0.7176984330850245,0.06546055447216993,0.31164255523950757,0.5104002775059157,0.26190720437481585,0.29314701378254215,0.3490524512904386,0.3602228977828182,0.3739546650563723,0.3531976744186047,0.16170768243954137,0.16815692362637846,0.15586424763531598,0.16204729981102448,0.6644297790301052,0.5443146170601951,0.5959797582887139,0.3724461045089974,0.4337175792507205,0.06348733406396023,0.8355243777141703,0.34619221562074626,0.42931776950134615,0.4623278840699293,0.3753267407139104,0.37547532468227984,0.5739943850380558,0.3261868300153139,0.14599185120332936,0.36514351298533954,0.1402280959127491,0.15190388824003542
0.33365362923103914,0.5527400074627671,0.5496161959233474,0.4842942109912501,0.22095808383233534,0.05857112228486078,0.5679335073891392,0.12421889934764685,0.40208894287901653,0.6685487396182428,0.3555188680312203,0.3520548768711412,0.5513198084784119,0.6817511067388097,0.13063043454280038,0.2822202075526296,0.2545992482798823,0.13418494326569752,0.5023901242101784,0.6128331407720986,0.5910976578551823,0.17873866993222512,0.6945800154122785,0.018456884015200264,0.48608557548571973,0.21950958052304556,0.2568327504125847,0.388208269525268,0.4891138937884166,0.47919613617388923,0.26029174208775274,0.4505813953488373,0.08479570831207868,0.4077625644590508,0.4347904930963105,0.24658643139445108,0.10885362598250037,0.6924750325340017,0.7418048063283227,0.39110069583112267,0.32853025936599434,0.046835409970213376,0.7013778958955739,0.4346460663333206,0.6320905456206833,0.1451704398947965,0.6676144654705621,0.704631662994805,0.5198850410688777,0.13935681470137823,0.05530619516773662,0.13781842812638662,0.4831916425590582,0.5561900110945396
0.2859100442008338,0.6010817526706163,0.6363437163530261,0.48042443013896313,0.2137724550898204,0.03141741961229451,0.33239822954531995,0.36505862995826166,0.4864485455888451,0.6518772159891204,0.42522516395663396,0.421172593090763,0.5420357290451393,0.6827348745696016,0.09200615975320593,0.2108294999069465,0.32002894500516127,0.18773669453364822,0.6422187472189379,0.783262787662407,0.7936314688548138,0.2094890139233376,0.7164140765476497,0.012010288753730471,0.22369206041897705,0.30271683246819214,0.48403204667016264,0.27212863705972434,0.4588447908117437,0.46973709705868405,0.2827783234605412,0.33720930232558144,0.07219948426898365,0.33979797102883535,0.15492481655724064,0.2560721688370573,0.30895002224529144,0.7996756372014631,0.8034588957455495,0.3499094948316523,0.3371757925072047,0.021126397472379856,0.2882189728994469,0.6155235399833643,0.6616610546726824,0.4526842349543602,0.6896582434637262,0.6896778812825446,0.4823016933444611,0.23430321592649309,0.053460758727366886,0.1517022623551552,0.5290378878490817,0.48551284389962207
0.300632514768426,0.5883723906884879,0.6111148689925949,0.4262333657440176,0.23323353293413177,0.024095633151891567,0.4113582618121148,0.516990242014364,0.4605880925051318,0.7952547476808004,0.40737665783841676,0.4242730255780448,0.49672322758929394,0.7781603541564192,0.04516028252371343,0.2715121207404675,0.278716192721702,0.2077191047702735,0.5418271736781214,0.760489262030385,0.7427276468637809,0.2380645411101164,0.646545080914462,0.013342765896872336,0.3610525519604573,0.28056128020667503,0.4002580768467455,0.4342649310872895,0.4483161052482453,0.43722557805769124,0.4571626409063465,0.34447674418604657,0.10570292681696357,0.23187916868165076,0.4451558125566496,0.20775234195027992,0.31799644075337385,0.7959350907380791,0.7989113704849817,0.3610285959150505,0.3544668587896254,0.021898063203804632,0.8331357779911795,0.11540854774682918,0.6534561237800909,0.7669021711103088,0.5450894641668785,0.5712966239546613,0.5706891725068965,0.2664624808575804,0.03228240055069877,0.15994321594521954,0.337796135131556,0.3667346150437328
0.23486601883339875,0.5148704889866776,0.6408077313482589,0.4147537919985023,0.24880239520958086,0.037837998704326206,0.5317088028763752,0.5397088911135923,0.5266360972637032,0.20871581912671816,0.5324849180822429,0.6374636923887608,0.5063627541846253,0.41072306935563213,0.05220041484133321,0.19572936726409051,0.6080749174334321,0.5403455367685553,0.5743417623352022,0.6315648359857118,0.6225694559893487,0.23380635163288438,0.5540714102234781,0.018554399358026837,0.3100978239142282,0.2376724907588451,0.29410063346777093,0.16301684532924965,0.4018636283553007,0.45808415396943747,0.3577295449833812,0.2034883720930233,0.061761437277673775,0.5658726338188851,0.21106801413520965,0.2814483143358899,0.42251223491027734,0.804896671890946,0.8047043432506504,0.33503505200698286,0.44956772334293954,0.01595030706384478,0.7673425159300387,0.17989405448560303,0.6574368452003789,0.6165231292867824,0.5536035273179057,0.5582800305920357,0.5586036270912975,0.335375191424196,0.058365607542359046,0.1013908002305402,0.3998087836962674,0.32818363413036294
0.24815133563389338,0.5898913677015328,0.6717607301750665,0.45164206891084757,0.1880239520958084,0.024188301697198784,0.6418911212382161,0.4319465506405066,0.5363602010962316,0.7767740055369372,0.4748161488290584,0.485206371675893,0.4851020247487848,0.7304476143630103,0.07051066086510191,0.4294867696026564,0.244596420190179,0.2592086478092214,0.5337414343287946,0.6833050090292516,0.6647483466257944,0.24549028371415094,0.6326740303108143,0.015081503717859344,0.2588364960380291,0.22406690506826976,0.3236446985894052,0.4991194486983155,0.44665254154124423,0.4395475433783984,0.37529786853858377,0.3837209302325582,0.06006643404559305,0.2672554439983422,0.43438168184812,0.21312570726220148,0.26805576153047606,0.8188168790090751,0.8271915085723937,0.37721773672618175,0.26512968299711825,0.018129264040103982,0.8258117508172373,0.313242503984373,0.7070244369103377,0.4900211438296116,0.6828166042283279,0.6822464191670203,0.4757109414175428,0.20826952526799383,0.05485341747014849,0.6898146428478824,0.21596966193569467,0.4747096566338797
0.5654113852658317,0.8114417565391083,0.5652957933392883,0.4460439309569691,0.3865269461077845,0.014076800736569414,0.5001966192298867,0.9565009592041251,0.29388057641261117,0.41911943270678514,0.39190317312451833,0.4268728811834854,0.5459161747544268,0.4958189867191343,0.14945444538656588,0.32769346430584984,0.3644609549219941,0.22444269210345638,0.5701145479741154,0.7037145872205777,0.6922975989297587,0.1903215267888863,0.7184690470074493,0.018232180675698692,0.3775614727476323,0.4665550760835845,0.3563162928290009,0.3082695252679939,0.5742985349539185,0.5727701539543235,0.3114093941348276,0.3517441860465117,0.023889560124383043,0.3420843752359625,0.6140075295182437,0.3511784621805327,0.32162983835088244,0.6438171783615595,0.6471159274732627,0.39336598225212216,0.3054755043227666,0.049932123697868126,0.800951377711691,0.17708039271027615,0.4378940557329756,0.780671445515961,0.3427488394974725,0.3865553255521986,0.5056398225110661,0.48545176110260335,0.05172049363299071,0.05216631024563123,0.3264149319203698,0.19272054017753004
0.4323743952674192,0.800106042948626,0.6520316760297381,0.45249492606276814,0.24850299401197606,0.014731646096297856,0.6089089973796654,0.40489142519416077,0.40634702345040097,0.5140123366846374,0.4973104094225117,0.5035250320055124,0.5689123482790951,0.5602557796360059,0.125227627525677,0.36787320109364313,0.4106685968200589,0.2736465790484008,0.5504723038000432,0.7605710470529565,0.744275305166064,0.19164048808153794,0.6295915746211148,0.02394908210499907,0.29279336695603864,0.1239113467708966,0.40327842130313685,0.4376339969372129,0.6038146814027432,0.5910217461160062,0.32271749039064385,0.4258720930232559,0.025423543070261262,0.3624337648930026,0.599331782419031,0.3593775934422619,0.261048494735281,0.8179279244167077,0.82728498151736,0.36498963068198337,0.26801152737752165,0.01554483347019129,0.825322316431315,0.40351579338670274,0.7088144457144203,0.7544221546078077,0.39711266676984913,0.42902070414062715,0.6472758662188903,0.35068912710566613,0.11858819416743444,0.040914541866472476,0.29599488831955845,0.22184759703522444
0.3490612545015499,0.5729664023260314,0.5468180841135949,0.3921982036475957,0.2658682634730539,0.03272860208990164,0.5979031618360172,0.34643105050881184,0.3907042929118968,0.2930084025450483,0.6455857632531621,0.7031872238102529,0.5223332892517376,0.5051647811116577,0.09457422484263334,0.18305604977938017,0.7127636887455671,0.5823798475756148,0.5798021790813278,0.6185584810843592,0.6115048173522011,0.18055174280846167,0.6945800154122785,0.022918757988098205,0.2819437415910091,0.23984757992618796,0.2860810321642513,0.17894333843797858,0.405577340528188,0.4541137651422957,0.33555282426194455,0.2906976744186047,0.1028442660445284,0.030897123224882417,0.267143451919938,0.27156298272689333,0.40827524840575413,0.6978257014010386,0.6973277706300156,0.33694454696596843,0.44956772334293954,0.034405037460615066,0.7814114413356774,0.22554223279293958,0.49926882843045267,0.5642308287349801,0.444310979937807,0.44580494243673224,0.5126524854692371,0.26799387442572736,0.03368404962142661,0.33995817688357577,0.3601581152058292,0.21142135505618137
0.2890517291800703,0.5046195325071525,0.5696130056152885,0.35965015291903213,0.30568862275449105,0.04583125582895388,0.5419241038883528,0.32891052076929633,0.44368765599676097,0.24425664189615814,0.6479555618129881,0.7229522983952532,0.5142433966545741,0.37825873093949836,0.08144638751768735,0.3129620856778738,0.6768853910312991,0.6347513870186152,0.5734327523297355,0.6156310597850518,0.6066994165008339,0.16122175989199544,0.6732596968918572,0.028284300858043104,0.2605917713969338,0.2607684783419445,0.28038604220471597,0.15497702909647776,0.5215432479109647,0.5669604884025891,0.3384269965537122,0.2732558139534884,0.06922176868071143,0.22751977802262596,0.3481774299653162,0.39183527396585405,0.4216594987394335,0.7256668510073705,0.7254409607768795,0.3367569896082423,0.44524495677233433,0.026888475922599398,0.7777884817718604,0.23779342576102447,0.5388688118200162,0.6438038265174565,0.49413698729251576,0.5023811537238226,0.49088766113256566,0.33078101071975496,0.041602857203911645,0.36752378322269175,0.3116054834726678,0.27206625091796655
0.4906626782864448,0.6304634924177271,0.4520255113021986,0.42534661197866147,0.37814371257485035,0.03720971425743775,0.3605908702728241,0.3566607156990066,0.26206349004374896,0.6958934382437223,0.49680333797407594,0.49536498299644866,0.5844647623087817,0.6969995081160847,0.15836314259213322,0.47152031204717115,0.132529339547112,0.25784136526529117,0.4548228383996338,0.646618689323315,0.6256469077337865,0.27415672624848286,0.45697405599794505,0.030947004642725803,0.14338632599878703,0.3945678022509274,0.28657549723703934,0.32446401225114857,0.7704845623361117,0.7621724622456554,0.34829972593006203,0.35465116279069775,0.023194569042295103,0.567131524532491,0.5232302560983847,0.5853494681815802,0.4475011122645707,0.6736694585101263,0.6746157293077802,0.3601451357658656,0.36887608069164274,0.04458840935640654,0.65385106230778,0.23450415271775563,0.47077597656826026,0.4845546903202516,0.673192463210192,0.6726594912692455,0.47448049171095585,0.30781010719754975,0.061364823291611886,0.7205601263887308,0.6392656869133835,0.4618713725921272
0.533810713480001,0.6616931476436041,0.4440177822806083,0.46690933369160614,0.2637724550898204,0.02319354528463309,0.4091896666440627,0.2360553568659313,0.23936414399884756,0.673223565981835,0.5018205622024692,0.4988264723112564,0.6288960646056794,0.6861780619773734,0.19966839282686216,0.2445368166226287,0.12271104471991928,0.2603062889508782,0.43472291086616577,0.6822667896968726,0.6636042914960112,0.26152836350871345,0.47418443359876705,0.018240296507048323,0.5122695842010718,0.31794008609086666,0.3226533794877234,0.3480091883614089,0.7489757614049686,0.7385496991427554,0.3234298709227429,0.431686046511628,0.028480876231305782,0.23463194432923962,0.40670981738965833,0.5486927346828515,0.5155346285036334,0.5155706872669127,0.5259517508013861,0.4402125308624509,0.39625360230547557,0.06857393268632067,0.10208639375105277,0.281686709756202,0.30375201555427733,0.43365478830385223,0.6993571654546682,0.6999821529196146,0.47405227575174175,0.2986217457886676,0.06299552195049535,0.7928505589619164,0.12269762278558224,0.5004827961446221
0.5270009441766028,0.6851728158131773,0.47102637466462804,0.4824230994881618,0.28023952095808385,0.02072784455212235,0.4341447739944,0.16693087387165373,0.2562470594478496,0.7023896255281946,0.48769722537944016,0.4868615980957163,0.644286919327461,0.7452041318248894,0.21944010080497933,0.48806910122051295,0.2125190702860587,0.25008595173321213,0.4157417648778875,0.699789721545347,0.6843197221687891,0.22885695900401737,0.48959671204726435,0.010092059046091267,0.3878546149018756,0.23614539723587147,0.3448407505079261,0.42063552833078105,0.8206123138944452,0.8054799427241637,0.3387857714990051,0.38517441860465124,0.020286501276694097,0.7222162063324113,0.5260443941185328,0.6390507185033505,0.4545083790597657,0.6288375677642957,0.6303573768364362,0.36504872651277487,0.4164265129682998,0.04520576663114144,0.3170742545193405,0.27112063946115444,0.4143923919791069,0.3714094167397245,0.6126455284709688,0.6174328264955817,0.4561228519974424,0.3246554364471669,0.07201558523775911,0.7694121532668358,0.4583452848180331,0.3983295299575398
0.6222040257016569,0.7245839383043484,0.44411198755697623,0.4551119632179232,0.608682634730539,0.015431159023248327,0.4644407196489696,0.20968150468339625,0.2081979523012074,0.5606270338530283,0.49535363564948026,0.495249271122003,0.5765224515369309,0.6719134284308903,0.16786352017106226,0.43930501484550344,0.17971220665864526,0.25917092699478483,0.46070915493853054,0.7143331661923098,0.6927711417834701,0.2671258122203444,0.5124582584125353,0.013751200084971065,0.4407642687999303,0.24039381660544498,0.3471393501683525,0.4528713629402757,0.7815780655924016,0.7670261677697741,0.34777785666122313,0.3880813953488373,0.019985196732474668,0.748896502248777,0.5179287518598605,0.5835277318176688,0.3732018389440902,0.6971128096717487,0.6969466973455576,0.37609377621044054,0.38040345821325655,0.030201092093463503,0.260355521000579,0.30132539875147857,0.4992828251118564,0.5201382084472177,0.6619510832050253,0.6615260105699852,0.49502020614157566,0.3108728943338438,0.04377308324828399,0.7011298123681946,0.3735277918580842,0.44733955759787053
0.6774258236478639,0.7256185442978887,0.416091477797209,0.4705276751221957,0.6616766467065869,0.028023491817107487,0.48109004268367495,0.34010200058970613,0.17920433140882516,0.5670746515129438,0.4905313619059379,0.4897952568219612,0.6796587721450391,0.6532218396458437,0.2613097787513532,0.4426951143745438,0.1391517994807652,0.2531073654014612,0.48793495810925913,0.686122055088911,0.6638115575237148,0.22912810954379298,0.5155407141022348,0.0117762814079089,0.3630653991869314,0.25643500461625435,0.3193962160628146,0.3651607963246555,0.7469415491696697,0.7350926184998883,0.3385902192080855,0.3779069767441861,0.03282112878586959,0.5354037686099522,0.39277932084156736,0.5418817338856128,0.46288743882544864,0.705892617925039,0.7078411584339339,0.35442499612048384,0.41930835734870325,0.03835681799900687,0.7904452814484315,0.3366279973805976,0.5185786813316243,0.7294105512866793,0.5583600065288137,0.5773059143815062,0.5318141537442798,0.36753445635528326,0.0435309933858243,0.2795258653104806,0.2670091886213394,0.36583539464486403
0.21494639917781436,0.47313410829104907,0.6417286947840812,0.3751242053233883,0.23413173652694613,0.045550573880974665,0.5909951021291844,0.44905505029252046,0.5426375712424332,0.23791830589149543,0.5028405962281947,0.5989486784778083,0.5150651703469181,0.3069355632070832,0.045781035100930886,0.14540477233259147,0.5727213286752473,0.47677923918079146,0.5203732662064405,0.6270935629650123,0.6069771239958552,0.21129213086671178,0.582840996660673,0.01618456117596788,0.31556685027522857,0.2611440934902421,0.27135021688170385,0.1597626339969372,0.4338307942787625,0.48725814676704415,0.3322610893298693,0.17441860465116285,0.07590293674127145,0.5314369823519388,0.09170258531936204,0.3094650009967558,0.4264051609076079,0.8461448258878553,0.8460625451939662,0.3232933394629977,0.5605187319884727,0.015645238380018717,0.7783351354451304,0.49105208008498075,0.7240977331255928,0.6070857614357176,0.5244085981520222,0.5285305422716494,0.5808953218956231,0.2542113323124042,0.06602673427272707,0.15898181799244188,0.43996829008774924,0.2951099526276786
0.6420150232701932,0.7211065424320944,0.4294144660012085,0.44689086816873647,0.6206586826347307,0.016330216707430116,0.3475059244545662,0.18645593194268983,0.1950898512903675,0.5496867259216086,0.47417224437854305,0.4754337854545921,0.6423561642952956,0.6246925725528776,0.31632145573321935,0.5945420252440757,0.13497238684605883,0.2410725926549586,0.5320569052976849,0.6470989243726458,0.6284933237634642,0.25536207334318084,0.49704597996403804,0.016356338334762983,0.25434607659484304,0.1770421095376515,0.2910908888698876,0.4244257274119449,0.6564309967929958,0.6430808735731058,0.3035376783386539,0.4244186046511629,0.031161276911816832,0.24303499042547647,0.2477197379808406,0.42031574639308344,0.4619976271689159,0.7539403891617493,0.7556978303612699,0.3765075678049439,0.30691642651296835,0.020716258409973036,0.6589523926793954,0.2773198614510974,0.5856985428108735,0.32566654633592895,0.600764794179739,0.6102933684660827,0.4686744461658902,0.24349157733537516,0.06096542201982212,0.7843870618921724,0.35316817520327703,0.39485476654119944
0.6886807429750754,0.6888072500156228,0.3724718125880595,0.4531116406048221,0.624251497005988,0.01050936893872513,0.3824208614017006,0.3124065626004814,0.1555316858428191,0.6100951964641314,0.5176274083293736,0.5141196898184139,0.6308222452989265,0.7624200688637481,0.22184236449904282,0.5247033438066644,0.11604803555157917,0.2747377033371817,0.5328387810366527,0.6129410554621338,0.5946733468839348,0.24582328518095622,0.5096326740303109,0.013629605199091056,0.22760892005717806,0.20491433041137272,0.26273090962917456,0.2803981623277182,0.6053465403198923,0.6081154529603303,0.3012437819914798,0.39680232558139544,0.05577884881817028,0.2095189269014425,0.47087049618802207,0.3964133724453772,0.42039893222601216,0.7344054764996386,0.7341475854539892,0.3260854175110403,0.42074927953890495,0.02205477073827494,0.8436915979912765,0.2826054445112717,0.5517371778776549,0.6290547161054096,0.6121473209991687,0.6173841036736942,0.519960347496627,0.332312404287902,0.04771986856762402,0.4425210600569879,0.5356196948621408,0.3984533689700647
0.4544246789381773,0.6553348863041344,0.5058574403949816,0.5200672878581937,0.24850299401197606,0.031507817204339525,0.4229237141566494,0.6691978515598451,0.3082351318957244,0.708278692505707,0.3943538218728633,0.3946118581255556,0.7213685574633955,0.737333989178554,0.41261520958495446,0.38215242700070867,0.1475882591265658,0.1694451861836475,0.46932885820715253,0.6060354918071318,0.5840819652262268,0.25621519538014176,0.4949910095042384,0.021945123892353775,0.3717789819187805,0.31141475786828365,0.25092844797397335,0.2570061255742726,0.6513614738629995,0.6573901613628977,0.3364839358841016,0.3313953488372094,0.051367970344141325,0.14912995616428315,0.2641846626313865,0.46103963152094474,0.5268426516387364,0.7143265616182417,0.7235533079376284,0.3585140464370785,0.39625360230547557,0.028061799931928907,0.6815862848104286,0.1653179090399773,0.5498804379312181,0.37388479191377433,0.5823413578879225,0.5871833629541627,0.4594775270617378,0.34609494640122507,0.10326466378923976,0.723632029494219,0.1626524439891487,0.36168204345296867
0.5888152672521119,0.77500188851587,0.5145719263351013,0.4886956075446859,0.37485029940119763,0.029955640785582615,0.4417886487685243,0.8305333294797914,0.25659255694716476,0.7401525086211083,0.43832209848146625,0.44273112998171393,0.6304416780584331,0.7535661583866208,0.2926099892450856,0.3607237352388729,0.1769845713366485,0.21369407013544936,0.47851430896169445,0.592166273569926,0.5699049422185398,0.23751906463187358,0.4677626509118932,0.016378611864865472,0.34992006775383483,0.2567435369316572,0.23929734457417862,0.29911944869831547,0.698379368392827,0.6950809725574608,0.3563269263091198,0.21802325581395354,0.04308054307228496,0.2143868818205532,0.433827150585401,0.49869176730472853,0.5287705768945573,0.7379820820595108,0.7472102599550546,0.3315526628234119,0.41930835734870325,0.032719140641075534,0.752107238850534,0.2866391208968569,0.5840262172955621,0.25749058841730693,0.4961397034672448,0.5189187295790243,0.4466933661620881,0.22970903522205205,0.09529135270142786,0.7529415980189536,0.40699946927917907,0.3037875621334124
0.6059524903702342,0.7201387770920225,0.4494026231683659,0.4528384138160611,0.5520958083832336,0.023758659489091827,0.4192869958542596,0.5591313441078736,0.2159219936600936,0.580164165331002,0.44240563381790843,0.44057408728399516,0.7219107607753272,0.6748647319232661,0.35888375537596284,0.5172250399806184,0.1531059560816257,0.20622239166672895,0.5234753423090125,0.6915773610597789,0.6715979037950681,0.2498979553897877,0.49627536604161315,0.017334078736770293,0.38724480837446684,0.2738523421217947,0.3290014338275719,0.23173813169984686,0.5616498087857189,0.578076858604654,0.3618698207225672,0.2340116279069768,0.06515888530356015,0.09286626637204487,0.30501058525234936,0.3760939008510161,0.43281921993178113,0.6317781676215395,0.6319775279088469,0.37147251134641124,0.38040345821325655,0.043326239886302104,0.7235854755646167,0.33978082897806644,0.4153306152117974,0.53143210767882,0.6901976831710643,0.6899516317849478,0.456439135037804,0.30015313935681465,0.04679388816602709,0.699519726473428,0.5400372448142341,0.4855393011684276
0.39357124355578577,0.6505339662480584,0.5595437762717463,0.5518800769442878,0.2251497005988024,0.04519939332649176,0.4731225599597352,0.6434470080502822,0.3713408966540491,0.7953640293360531,0.37353774048488697,0.39207935809582645,0.6878344640898171,0.781111657648795,0.3660683265550237,0.3785198432501288,0.2789179522176177,0.18157553360462514,0.3959596730106665,0.560339628368794,0.5521436604230999,0.2515677434313721,0.4541484716157206,0.030671301034599377,0.3597893852516695,0.11263538556804609,0.23616255941932368,0.2675344563552833,0.6196689804292715,0.6246103280710209,0.3486373620672315,0.2965116279069768,0.05839120170128076,0.16326946469918974,0.3234206441200297,0.41946717852748805,0.5014830194275546,0.665134790174328,0.6713095283494943,0.34085072541312883,0.44380403458213263,0.035125602870063666,0.727419262087891,0.1319797183363271,0.47308689435642975,0.2572843071528028,0.5421750930062614,0.5631537049685503,0.481945339044917,0.25114854517611024,0.13214900395376994,0.7609334162170482,0.21892180334771416,0.35151349082841993
0.5162557131040014,0.660731683925935,0.4572164858786485,0.46595560232208394,0.2592814371257485,0.024771831987423828,0.5885697735823897,0.14518571639979055,0.2534815710199635,0.6934042449851863,0.6285726594452392,0.6269322456686489,0.5608994480454642,0.7235612395474669,0.12695936794308108,0.46705831417754834,0.1705271199885801,0.40400857441179233,0.4886914069949273,0.6332792959294178,0.6109955643460793,0.21411380048946552,0.537117903930131,0.019652520585758438,0.20756444548048317,0.294386161853766,0.27301020553669175,0.41764931087289436,0.7437472800024354,0.7295159773861944,0.311832684890936,0.430232558139535,0.024605689279044524,0.41195161871153413,0.3797661545179282,0.5325296680663256,0.48116565327005784,0.6725046141792839,0.6762455927454272,0.34338665156441367,0.4322766570605188,0.045664997905412036,0.698853220393594,0.31979088616290996,0.4764697549032716,0.6497344128719509,0.769330648321334,0.7749674419985588,0.4456292227950431,0.32924961715160794,0.05219517427169763,0.6987632642074886,0.6601112999291987,0.6175889717913323
0.3642265689624919,0.6468325457946309,0.5860089741336456,0.5549719079804285,0.18383233532934135,0.03880038961872246,0.544114706598453,0.35860573041589133,0.40429024384888484,0.6892879693039973,0.4166104792520894,0.41472250569890573,0.6920566193867846,0.7196261682242991,0.29671413814374437,0.10289280405293341,0.24790008666465838,0.1839123695849163,0.3418640426154061,0.6254083401747788,0.6357332665741239,0.26282949554051416,0.43847932185974825,0.022760303612366483,0.09037103496047003,0.28609098076377915,0.32219158730480785,0.21653905053598774,0.7290265649660196,0.741155201580597,0.3508887936461369,0.2674418604651163,0.03159727547855204,0.1701075279793099,0.48977985019667175,0.5826087965492124,0.39767165949873945,0.7609518887886152,0.7604292799228669,0.36097246594244176,0.30691642651296835,0.019913696668237023,0.284249598355499,0.22035240039202875,0.5892566214133333,0.07441596616987256,0.6816968682959976,0.7337213292473537,0.5367801561098441,0.10566615620214392,0.07806422312432304,0.3760370348564501,0.49610436241656763,0.619828307529778
0.4714449244240941,0.6898314326233147,0.520775891893023,0.4965050218949633,0.2826347305389222,0.04126258712858307,0.42365823293448124,0.6420102623463759,0.3082938090857171,0.8469085433969595,0.5164928916028135,0.5420536576557871,0.6143688072557951,0.7520905066404329,0.2364338612151623,0.2369127801642261,0.37408118112452654,0.3345259920352051,0.43221200910281343,0.6200183378919879,0.602150810661586,0.23865353842848766,0.44901104546622145,0.019476962905655607,0.6136399166894523,0.12133788811357032,0.26916164541945964,0.32664624808575804,0.7511474453601771,0.7429420140226988,0.3645522051903277,0.2790697674418605,0.031016445748307045,0.31166763987195667,0.37423424781560266,0.5581742234599005,0.5604701171585348,0.6321351776605546,0.648921669719174,0.38186675263038117,0.4409221902017292,0.028786219895524368,0.2520754848611648,0.20952512975373572,0.45734993439888183,0.148574080759115,0.6480017594553458,0.685339952456522,0.48185843540852585,0.2756508422664624,0.08107903583553235,0.7868134087317695,0.29220836502841235,0.5287976239987232
0.4710104360759018,0.6283140642346309,0.4677508222291218,0.46448629457982044,0.3035928143712575,0.03609645069006799,0.40394779510717027,0.6329370226467551,0.2795367640526691,0.7053887998445771,0.38427400187402755,0.3842423120401021,0.7402536728226984,0.7402852926709297,0.34291425340626813,0.19831787510400495,0.11280263391368503,0.16085622890617915,0.4610079204648028,0.6458894453609364,0.6244038435622055,0.25361198811313046,0.4520935011559209,0.02665444210033931,0.6919032382263939,0.060170376472697795,0.2850700018782712,0.23786370597243492,0.6168006028863781,0.6287757480796307,0.33633931418492946,0.2936046511627908,0.06122027863549538,0.6104115690685259,0.30836631802493186,0.43194052560196794,0.8025730387068071,0.508985552592653,0.629286378873723,0.34677951752538355,0.7363112391930836,0.03661407210238244,0.2745718160251811,0.5277976228748409,0.5469068804047656,0.2894641844154504,0.671398398991493,0.684087175180623,0.5170752620433033,0.17611026033690658,0.0708887237745291,0.785608064296387,0.5904396125301854,0.49486473691916544
0.09865392167511972,0.4726602226655965,0.7894295071806438,0.47764792573221887,0.0823353293413174,0.029133695226130744,0.6278599618197594,0.29894740815768606,0.7416635699109395,0.36162513963767057,0.47612352009487313,0.5241352788161515,0.5370245888059675,0.49237579931136255,0.05628694429782581,0.13760633232379293,0.5652929061148797,0.33629406306623133,0.5700064838475914,0.6125082543474251,0.602643122306022,0.23088608535499236,0.5805291548933984,0.0187099733187154,0.3003717390336046,0.2429674914158914,0.2761553136345761,0.11347626339969369,0.48106727430033747,0.5492174715165509,0.30079045691435524,0.19331395348837213,0.051136136133529214,0.8493986012439096,0.11151414153384354,0.3921949853529272,0.45157941569034554,0.9110203385855319,0.9119085021169135,0.3209784197030399,0.6109510086455332,0.007479284354109987,0.7741661931967982,0.5432328500569652,0.8382451854769295,0.4148316229178484,0.548750804197252,0.5507609537563151,0.5936557623137259,0.19601837672281772,0.09099480713531936,0.21820485753318977,0.4424872626201092,0.3169072961000636
0.3897109816930005,0.6557388186213526,0.5675142069841154,0.5253232797189054,0.24101796407185633,0.05424982155443824,0.49097188815590603,0.5891079495386331,0.37822280176312933,0.7479236485501967,0.4148407127489337,0.4210046361892966,0.7526870408309195,0.7397934087555338,0.31355682386897965,0.21841404837653977,0.19133191326843216,0.19593407850404915,0.398451504634044,0.5873224601740744,0.577755299358895,0.22303633179832205,0.4443873619316723,0.03186393238457642,0.6192078171329956,0.12697374091784064,0.25562044402148615,0.3446784073506891,0.5547727429645879,0.5481802581911224,0.40651464402366316,0.3561046511627908,0.08008297156588814,0.2745668083863282,0.3843798397127763,0.31902473603114834,0.6408868456176776,0.5858501288163539,0.6262475940579063,0.3261045453861166,0.4409221902017292,0.05972037957648898,0.03799837049855098,0.31524228711662655,0.45575067918586454,0.22108194523232422,0.6601202686413437,0.6831692376583736,0.4791018868917961,0.23430321592649309,0.0788923888896195,0.8119898686581593,0.19679118097748077,0.5073011170552519
0.4284890667691613,0.6460502223990088,0.5221409685636508,0.5208944824435635,0.26826347305389225,0.04071706349982925,0.41480291083127285,0.6192697087305512,0.33069557016815093,0.7401039389965516,0.4520093040493954,0.45621382241204717,0.6128664327479268,0.7176586325627152,0.14101619179190397,0.3143008158904972,0.17689490044957484,0.22575994508128824,0.3537892368129982,0.5758334051437812,0.58322777987581,0.23633578688596907,0.37939892114050866,0.017466238610461184,0.5314232407550089,0.2341505630629112,0.2733675981197786,0.3050153139356815,0.6716636049828912,0.668105578862724,0.3823128578880106,0.25436046511627913,0.04536027191687444,0.19132456167466555,0.3668615392156205,0.4632074638226015,0.5355183152899303,0.6044952695626266,0.6169015597590457,0.3456982884675727,0.44380403458213263,0.03770580199765499,0.3199480552312113,0.3808208110471608,0.41088376801136794,0.3153009127945954,0.6231102454787228,0.6334914740963744,0.44652485609595516,0.2879019908116386,0.08231006367626273,0.762034268459169,0.12226994138896707,0.42486418834362005
0.4977732472155145,0.7586075311437765,0.5617795995448264,0.5054563581295988,0.26107784431137726,0.027795672738266008,0.4845549207552843,0.6845256958032253,0.31940242843151284,0.616129972315314,0.41205181116448863,0.40803491954601945,0.7000402894115815,0.6950319724545008,0.34081429894657855,0.3836671607430915,0.07910571960704219,0.17672927168965002,0.4151251636853681,0.5820762501792787,0.568122869061625,0.26528215253738974,0.40893912150012846,0.03558844145989759,0.3726272881534072,0.13114537270860965,0.24441882644687268,0.18977794793261865,0.6960149609540451,0.7166899897854724,0.36108503400417213,0.2906976744186047,0.03550454983170106,0.1660652078952789,0.3809188809966619,0.5589232882952226,0.42647931187898563,0.578331784443956,0.57828375791794,0.36836656182355937,0.38472622478386176,0.06873109890407393,0.6998230134338552,0.2737021966508744,0.35026406276025585,0.3485637666958898,0.6035669183773543,0.6105663071116894,0.4380819737301296,0.3169984686064318,0.06835235493116996,0.7365728522416248,0.11605966482714838,0.3921878058835809
0.4257818701381172,0.6422299310293149,0.5215667743840101,0.47756540159072386,0.23113772455089823,0.04782546319220974,0.5940154157400839,0.252107642525239,0.33209304806089,0.7305842925834183,0.5847384899373502,0.5864757145130222,0.517055406604967,0.7688145597638958,0.128043534837806,0.4918501911891104,0.22442729790439125,0.3594514140114524,0.4976162325031465,0.6591647568354699,0.637134428490228,0.2585818418059962,0.5101464166452607,0.02245354703902471,0.15725915765603585,0.33343675826154306,0.2957173773795847,0.30260336906584995,0.6062981553775139,0.6048563064836547,0.3549537305591646,0.36482558139534893,0.057514958701785225,0.11287479436741366,0.28614032145807566,0.3887685262154071,0.5007044342280884,0.6895207068311754,0.6953848787403898,0.3659770972584651,0.3948126801152738,0.033971407245844826,0.5964563085683492,0.27792328181415904,0.5054248877072942,0.4867722139136712,0.7314221851459838,0.7308577703157443,0.4690814654062516,0.335375191424196,0.05066040890065838,0.7458513772626836,0.6501068322019071,0.5423838824322444
0.45424085694471134,0.5496510609396494,0.4190897021366861,0.474818125487402,0.26736526946107786,0.039246441026199626,0.3784664852089186,0.19375662347611505,0.2627940109033529,0.7494293069114576,0.5424719192779925,0.5469745995718768,0.6391865927698213,0.73536645351697,0.1626742394023383,0.4428971018796702,0.19411171076771525,0.3178442814857194,0.4870259481037924,0.6141789897290346,0.5918788528138081,0.2235770271570507,0.5111739018751605,0.017936981016423718,0.09941825028867479,0.3363236905290967,0.25705772698760765,0.31979326186830015,0.6344271236849235,0.6295286660054631,0.35096985460579244,0.36482558139534893,0.04657920191849537,0.16215181600719902,0.39391805527843593,0.41354600426158195,0.5433041672845914,0.6323261441698105,0.6456564623131358,0.3564076844465788,0.41066282420749284,0.03200142998022833,0.4376842538485287,0.18695848897041695,0.4485346664311071,0.40462070032489295,0.6628293883399379,0.6649498473280887,0.4297593063632405,0.335375191424196,0.05872916833745255,0.7548294683144747,0.5568451849185001,0.4554841618328529
0.5423500806310108,0.7131874513792682,0.4856468898042486,0.5308014486375195,0.23353293413173654,0.028081318960728345,0.41638375623503765,0.8183446946877456,0.2578625525265438,0.6383870027684686,0.45733718245209964,0.4531857892998602,0.5595310512020025,0.7250368912936548,0.2360671829041639,0.6078958472651664,0.19408307818944773,0.21542840536076163,0.5306330015128977,0.5074431309692419,0.48958772097746894,0.2793704098015418,0.4762394040585667,0.03238600471199943,0.18770702440081583,0.24811666983953912,0.1829330208450596,0.23782542113323127,0.6364475592978032,0.6475276795372205,0.38303522934826234,0.19476744186046518,0.05112169058518927,0.2012585302905025,0.35421271179348446,0.4545179298907708,0.6018092837016165,0.5751554453160695,0.6041486914938975,0.38788711276932764,0.4121037463976946,0.052293751970744734,0.3133151103352454,0.26387027980427663,0.4143648717564977,0.4011654891444484,0.5638395460946489,0.5666727561990281,0.4325766815778719,0.3093415007656968,0.10902395639531545,0.7420138607680076,0.4215809302912297,0.3356282774034308
0.5723882654723806,0.6835529283103837,0.43578817825121513,0.42636765544890387,0.4526946107784432,0.01788661627487608,0.34493043249288174,0.17260631907295546,0.22038702768402824,0.682488221866045,0.5459494036535363,0.5435447661621626,0.5773075122162853,0.7442203639940974,0.17964321935249777,0.6030412649162109,0.11275190441943272,0.30664943175495407,0.45570642155180086,0.6464216262179048,0.6253692230996968,0.24350297357443976,0.46570768045209354,0.015698642347985528,0.2119001657372821,0.25089451273336627,0.2862975854453884,0.3089203675344564,0.6145349495355117,0.6118036749018254,0.3589404588170381,0.31686046511627913,0.04912567916264217,0.2843112645764713,0.1819981869988745,0.3947454530124637,0.5532033219635177,0.5705484322362643,0.587371672953463,0.39869673038155345,0.4178674351585015,0.04441293256665569,0.14163454100484582,0.3161042204815112,0.3801576668510537,0.527306482388737,0.6439713305661917,0.6436745682660159,0.4508074507145527,0.31852986217457885,0.08314676625570944,0.7550075958560725,0.38784736074397475,0.4244800416959237
0.509579632523124,0.7224978930604118,0.5191351058331765,0.48178407109871746,0.2532934131736527,0.011410145886072892,0.3098752942168714,0.46313867965365074,0.2898572369796081,0.5160522609160231,0.5170357756289475,0.5226269063111313,0.6068314849342535,0.6369896704377768,0.22290832168950558,0.17075038266140052,0.27373004225238,0.292758067053324,0.45952680626009124,0.620030153250246,0.5987022480876515,0.25591894015269245,0.43745183662984843,0.021625401535839268,0.08288469070811774,0.1803882818740644,0.26341808211016493,0.16638591117917306,0.8008244042004089,0.8222713527180072,0.3593397673810379,0.017441860465116255,0.017630364956643607,0.06835965183177758,0.6271101227389233,0.7192745772854515,0.49087943052053984,0.6560838475280717,0.661011688570573,0.38681140211335197,0.3328530259365995,0.034128109830172136,0.09085045949776882,0.19612844432843296,0.45790837764084596,0.20963333505234383,0.6949028055854141,0.7187074048220901,0.489266399006817,0.17764165390505357,0.038060222934502,0.21084497123251944,0.4889464947175969,0.559050049258529
0.5195477978960737,0.6561668308968298,0.45039376492792405,0.4937293111069053,0.23023952095808387,0.024650356224828546,0.46645413139455166,0.20958989158175462,0.24850372189159264,0.7464058477827966,0.47045697303319106,0.4754085643110977,0.6468246200146612,0.7294638465322184,0.1874661184375492,0.33599914576433737,0.18852969804738068,0.24451742672909685,0.5138576350483746,0.6782622584737994,0.6573073423005507,0.2561550614515605,0.5235037246339584,0.011565001910179847,0.45250364554062994,0.21305440271250572,0.3146785795687568,0.33736600306278713,0.6439408055379438,0.6364962130501928,0.36784494634619236,0.3343023255813954,0.05543759328218696,0.1544052840305074,0.3187384278634513,0.41891932475635624,0.7163354589945128,0.48845340083790156,0.568068788678209,0.3969356035473721,0.5605187319884727,0.029377659389798468,0.6927460526671502,0.41442827846447483,0.4223612534742503,0.33025630447114634,0.6335980836979351,0.6421201702707556,0.461652595113846,0.2710566615620214,0.06598295039071649,0.8008124702180155,0.49998873887518624,0.43375782125310625
0.5286386310274814,0.7815702638541091,0.5607048993253309,0.5152939975720163,0.25239520958083833,0.02236154391432147,0.530811858684772,0.21967093085689265,0.30548914161302615,0.7279736752634902,0.49390885866216105,0.49592095884267035,0.7215687928293895,0.7161829808165273,0.2330375425152595,0.18101983304489888,0.15449959640293132,0.2620475387158405,0.47916269372083853,0.6380662111015851,0.615778890150721,0.2614343097048561,0.49036732596968924,0.017696617309425733,0.5605914474269276,0.14060847916211616,0.2769951330845552,0.24046707503828485,0.728788596694318,0.735489654287915,0.3925597527246137,0.26889534883720934,0.038779302539067126,0.34524706182418247,0.35687186670506277,0.567160200412064,0.6884176182707994,0.4915211858979375,0.5580689415624717,0.4287197711789357,0.49423631123919315,0.0314865599237071,0.6358979205304451,0.37772702466352653,0.39702555131628064,0.2280439379093393,0.5942303363777383,0.6184471973937953,0.48911564756214154,0.17917304747320062,0.06596998756635021,0.8165267763849133,0.4301407261685495,0.4223773052763313
